Application	comment	#Clusters	#Units	#Lanes	Cycles	Lane Cycles (not NONE)	DMA Cycles (not NONE)	DMA Wait Cycles (all Lanes NONE)	VPRO Wait Cycles (all lanes none)	Cycles (0 Lanes Busy)	Cycles (1 Lanes Busy)	Cycles (2 Lanes Busy)	TotalClk[NONE     ]	TotalClk[LOAD     ]	TotalClk[LOADB    ]	TotalClk[LOADS    ]	TotalClk[LOADBS   ]	TotalClk[STORE    ]	TotalClk[LOOP_STRT]	TotalClk[LOOP_END ]	TotalClk[LOOP_MASK]	TotalClk[ADD      ]	TotalClk[SUB      ]	TotalClk[MULL     ]	TotalClk[MULH     ]	TotalClk[MACL     ]	TotalClk[DIVL     ]	TotalClk[DIVH     ]	TotalClk[MACH     ]	TotalClk[MACL_PRE ]	TotalClk[MACH_PRE ]	TotalClk[XOR      ]	TotalClk[XNOR     ]	TotalClk[AND      ]	TotalClk[ANDN     ]	TotalClk[NAND     ]	TotalClk[OR       ]	TotalClk[ORN      ]	TotalClk[NOR      ]	TotalClk[SHIFT_LR ]	TotalClk[SHIFT_AR ]	TotalClk[SHIFT_LL ]	TotalClk[ABS      ]	TotalClk[MIN      ]	TotalClk[MAX      ]	TotalClk[MV_ZE    ]	TotalClk[MV_NZ    ]	TotalClk[MV_MI    ]	TotalClk[MV_PL    ]	TotalClk[SHFTR_NEG]	TotalClk[SHFTR_POS]	TotalClk[MULL_NEG ]	TotalClk[MULL_POS ]	TotalClk[MULH_NEG ]	TotalClk[MULH_POS ]	TotalClk[NOP      ]	TotalClk[WAIT_BUSY]	TotalClk[PIPELN_W8]	TotalClk[IDMASK_GLOBAL: 4294967295]	TotalClk[NONE             ]	TotalClk[EXT_1D_TO_LOC_1D ]	TotalClk[EXT_2D_TO_LOC_1D ]	TotalClk[LOC_1D_TO_EXT_2D ]	TotalClk[LOC_1D_TO_EXT_1D ]	TotalClk[WAIT_FINISH]	
sim	STAT_COMMENT	1	5	2	44959356	2.8074e+07	1.88872e+07	1.05914e+06	121590	2.92419e+06	8.70301e+06	1.45117e+07	2.715e+08	0	0	1.22528e+08	0	2.30524e+06	0	0	0	1.56555e+06	0	0	0	2.29542e+08	0	0	0	4.09875e+07	0	782775	0	2.63699e+06	0	0	0	0	0	0	405720	0	0	0	1.32552e+06	0	0	0	0	405720	0	405720	0	0	0	0	0	0	0	2.60722e+07	725629	1.71892e+07	972293	0	0
sim	STAT_COMMENT	1	6	2	38156172	2.36562e+07	1.88872e+07	1.0676e+06	103260	2.76181e+06	7.32007e+06	1.22561e+07	2.79728e+08	0	0	1.23587e+08	0	2.68632e+06	0	0	0	1.56937e+06	0	0	0	2.31608e+08	0	0	0	4.12729e+07	0	784686	0	3.02611e+06	0	0	0	0	0	0	406896	0	0	0	1.32854e+06	0	0	0	0	406896	0	406896	0	0	0	0	0	0	0	1.9269e+07	725629	1.71892e+07	972293	0	0
sim	STAT_COMMENT	1	10	2	24553700	1.4631e+07	1.88872e+07	1.37041e+06	65160	2.72713e+06	4.49635e+06	7.64834e+06	3.18269e+08	0	0	1.26104e+08	0	4.20966e+06	0	0	0	1.58368e+06	0	0	0	2.36494e+08	0	0	0	4.20302e+07	0	791840	0	4.55666e+06	0	0	0	0	0	0	410620	0	0	0	1.34064e+06	0	0	0	0	410620	0	410620	0	0	0	0	0	0	0	5.66653e+06	725629	1.71892e+07	972293	0	0
sim	STAT_COMMENT	2	1	2	106983792	6.86129e+07	9.44359e+06	250900	146975	3.97996e+06	2.14351e+07	3.52011e+07	2.47078e+08	0	0	1.20747e+08	0	1.16112e+06	0	0	0	1.54918e+06	0	0	0	2.2615e+08	0	0	0	4.04419e+07	0	774592	0	1.48569e+06	0	0	0	0	0	0	401310	0	0	0	1.31174e+06	0	0	0	0	401408	0	401408	0	0	0	0	0	0	0	1.9508e+08	725629	1.71892e+07	972293	0	0
sim	STAT_COMMENT	1	2	2	107521532	6.86129e+07	1.88872e+07	1.03983e+06	293950	4.5177e+06	2.14351e+07	3.52011e+07	2.50304e+08	0	0	1.20747e+08	0	1.16112e+06	0	0	0	1.54918e+06	0	0	0	2.2615e+08	0	0	0	4.04419e+07	0	774592	0	1.48569e+06	0	0	0	0	0	0	401310	0	0	0	1.31174e+06	0	0	0	0	401408	0	401408	0	0	0	0	0	0	0	8.86344e+07	725629	1.71892e+07	972293	0	0
sim	STAT_COMMENT	1	1	2	212733780	1.3682e+08	1.88872e+07	1.0341e+06	581120	7.17093e+06	4.28141e+07	7.00134e+07	2.442e+08	0	0	1.20734e+08	0	781165	0	0	0	1.54909e+06	0	0	0	2.26125e+08	0	0	0	4.04168e+07	0	774543	0	1.10553e+06	0	0	0	0	0	0	401261	0	0	0	1.31174e+06	0	0	0	0	401310	0	401310	0	0	0	0	0	0	0	1.93847e+08	725629	1.71892e+07	972293	0	0
sim	STAT_COMMENT	1	4	2	54866064	3.44964e+07	1.88872e+07	1.05317e+06	148830	3.17317e+06	1.07187e+07	1.77903e+07	2.62047e+08	0	0	1.20747e+08	0	1.92102e+06	0	0	0	1.54918e+06	0	0	0	2.2615e+08	0	0	0	4.04419e+07	0	774592	0	2.24602e+06	0	0	0	0	0	0	401408	0	0	0	1.31174e+06	0	0	0	0	401408	0	401408	0	0	0	0	0	0	0	3.59789e+07	725629	1.71892e+07	972293	0	0
sim	STAT_COMMENT	1	3	2	73434528	4.65641e+07	1.88872e+07	1.04316e+06	198110	3.60423e+06	1.44823e+07	2.39477e+07	2.59273e+08	0	0	1.22629e+08	0	1.54367e+06	0	0	0	1.55938e+06	0	0	0	2.298e+08	0	0	0	4.09177e+07	0	779688	0	1.87604e+06	0	0	0	0	0	0	403956	0	0	0	1.32048e+06	0	0	0	0	403956	0	403956	0	0	0	0	0	0	0	5.45474e+07	725629	1.71892e+07	972293	0	0
sim	STAT_COMMENT	3	1	2	72723488	4.65641e+07	6.29572e+06	110253	66036.7	2.89319e+06	1.44823e+07	2.39477e+07	2.52874e+08	0	0	1.22629e+08	0	1.54367e+06	0	0	0	1.55938e+06	0	0	0	2.298e+08	0	0	0	4.09177e+07	0	779688	0	1.87604e+06	0	0	0	0	0	0	403956	0	0	0	1.32048e+06	0	0	0	0	403956	0	403956	0	0	0	0	0	0	0	1.99283e+08	725629	1.71892e+07	972293	0	0
sim	STAT_COMMENT	1	12	2	21694356	1.24731e+07	1.88872e+07	1.83403e+06	56060	3.11157e+06	3.82023e+06	6.54612e+06	3.53596e+08	0	0	1.28429e+08	0	4.97162e+06	0	0	0	1.59113e+06	0	0	0	2.41051e+08	0	0	0	4.26465e+07	0	795564	0	5.33112e+06	0	0	0	0	0	0	412776	0	0	0	1.34669e+06	0	0	0	0	412776	0	412776	0	0	0	0	0	0	0	2.80719e+06	725629	1.71892e+07	972293	0	0
sim	STAT_COMMENT	1	8	2	28566600	1.74382e+07	1.88872e+07	1.08911e+06	76270	2.52946e+06	5.3603e+06	9.08492e+06	2.86214e+08	0	0	1.20747e+08	0	3.44064e+06	0	0	0	1.54918e+06	0	0	0	2.2615e+08	0	0	0	4.04419e+07	0	774592	0	3.76563e+06	0	0	0	0	0	0	401408	0	0	0	1.31174e+06	0	0	0	0	401408	0	401408	0	0	0	0	0	0	0	9.67943e+06	725629	1.71892e+07	972293	0	0
sim	STAT_COMMENT	1	7	2	33733208	2.08235e+07	1.88872e+07	1.0727e+06	89080	2.6134e+06	6.40135e+06	1.08104e+07	2.90538e+08	0	0	1.26712e+08	0	3.06956e+06	0	0	0	1.58329e+06	0	0	0	2.37699e+08	0	0	0	4.20106e+07	0	791644	0	3.4216e+06	0	0	0	0	0	0	410228	0	0	0	1.34064e+06	0	0	0	0	410228	0	410228	0	0	0	0	0	0	0	1.4846e+07	725629	1.71892e+07	972293	0	0
sim	STAT_COMMENT	1	9	2	27186620	1.65333e+07	1.88872e+07	1.1463e+06	70910	2.51757e+06	5.05543e+06	8.61999e+06	3.08057e+08	0	0	1.28764e+08	0	3.83015e+06	0	0	0	1.58584e+06	0	0	0	2.41754e+08	0	0	0	4.24842e+07	0	792918	0	4.1944e+06	0	0	0	0	0	0	411012	0	0	0	1.34266e+06	0	0	0	0	411012	0	411012	0	0	0	0	0	0	0	8.29945e+06	725629	1.71892e+07	972293	0	0
sim	STAT_COMMENT	1	11	2	22446768	1.3148e+07	1.88872e+07	1.58007e+06	58100	2.86039e+06	4.01437e+06	6.89453e+06	3.27581e+08	0	0	1.24287e+08	0	4.58858e+06	0	0	0	1.58035e+06	0	0	0	2.32906e+08	0	0	0	4.15159e+07	0	790174	0	4.92743e+06	0	0	0	0	0	0	409640	0	0	0	1.33795e+06	0	0	0	0	409640	0	409640	0	0	0	0	0	0	0	3.5596e+06	725629	1.71892e+07	972293	0	0
sim	STAT_COMMENT	1	13	2	19774896	1.10413e+07	1.88872e+07	2.15719e+06	49060	3.35866e+06	3.35088e+06	5.8204e+06	3.61892e+08	0	0	1.22634e+08	0	5.34643e+06	0	0	0	1.57339e+06	0	0	0	2.29683e+08	0	0	0	4.10738e+07	0	786695	0	5.6765e+06	0	0	0	0	0	0	407680	0	0	0	1.33224e+06	0	0	0	0	407680	0	407680	0	0	0	0	0	0	0	887726	725629	1.71892e+07	972293	0	0
sim	STAT_COMMENT	1	16	2	19369900	8.90903e+06	1.88872e+07	5.03309e+06	39990	6.16064e+06	2.68108e+06	4.73223e+06	5.24292e+08	0	0	1.20747e+08	0	6.47987e+06	0	0	0	1.54918e+06	0	0	0	2.2615e+08	0	0	0	4.04419e+07	0	774592	0	6.80486e+06	0	0	0	0	0	0	401408	0	0	0	1.31174e+06	0	0	0	0	401408	0	401408	0	0	0	0	0	0	0	482730	725629	1.71892e+07	972293	0	0
sim	STAT_COMMENT	1	14	2	20452172	1.08369e+07	1.88872e+07	3.12828e+06	48810	4.33645e+06	3.29493e+06	5.71305e+06	4.26353e+08	0	0	1.29591e+08	0	5.73574e+06	0	0	0	1.60661e+06	0	0	0	2.43202e+08	0	0	0	4.2982e+07	0	803306	0	6.10674e+06	0	0	0	0	0	0	417088	0	0	0	1.35946e+06	0	0	0	0	417088	0	417088	0	0	0	0	0	0	0	1.565e+06	725629	1.71892e+07	972293	0	0
sim	STAT_COMMENT	1	15	2	20613140	1.03408e+07	1.88872e+07	4.03824e+06	46990	5.23733e+06	3.15043e+06	5.45795e+06	4.85521e+08	0	0	1.32237e+08	0	6.12045e+06	0	0	0	1.62582e+06	0	0	0	2.48309e+08	0	0	0	4.38295e+07	0	812910	0	6.49365e+06	0	0	0	0	0	0	421890	0	0	0	1.37592e+06	0	0	0	0	421890	0	421890	0	0	0	0	0	0	0	1.72597e+06	725629	1.71892e+07	972293	0	0
sim	STAT_COMMENT	1	17	2	19681120	8.88344e+06	1.88872e+07	5.39262e+06	39960	6.50868e+06	2.67476e+06	4.71818e+06	5.74157e+08	0	0	1.27933e+08	0	6.8782e+06	0	0	0	1.61935e+06	0	0	0	2.39804e+08	0	0	0	4.26763e+07	0	809676	0	7.22922e+06	0	0	0	0	0	0	419832	0	0	0	1.37088e+06	0	0	0	0	419832	0	419832	0	0	0	0	0	0	0	793950	725629	1.71892e+07	972293	0	0
sim	STAT_COMMENT	1	19	2	19980136	8.20853e+06	1.88872e+07	6.70145e+06	37920	7.81129e+06	2.48062e+06	4.36977e+06	6.95675e+08	0	0	1.31653e+08	0	7.6334e+06	0	0	0	1.59946e+06	0	0	0	2.47387e+08	0	0	0	4.35112e+07	0	799729	0	8.00964e+06	0	0	0	0	0	0	415226	0	0	0	1.35341e+06	0	0	0	0	415226	0	415226	0	0	0	0	0	0	0	1.09297e+06	725629	1.71892e+07	972293	0	0
sim	STAT_COMMENT	1	18	2	20153436	8.70463e+06	1.88872e+07	6.12678e+06	39740	7.24468e+06	2.62513e+06	4.62487e+06	6.42653e+08	0	0	1.32657e+08	0	7.26163e+06	0	0	0	1.62994e+06	0	0	0	2.49084e+08	0	0	0	4.38883e+07	0	814968	0	7.64723e+06	0	0	0	0	0	0	423360	0	0	0	1.37894e+06	0	0	0	0	423360	0	423360	0	0	0	0	0	0	0	1.26627e+06	725629	1.71892e+07	972293	0	0
sim	STAT_COMMENT	1	22	2	19376580	6.77675e+06	1.88872e+07	8.34113e+06	30920	9.37429e+06	2.01127e+06	3.64405e+06	8.56541e+08	0	0	1.24521e+08	0	8.77184e+06	0	0	0	1.5976e+06	0	0	0	2.33217e+08	0	0	0	4.17057e+07	0	798798	0	9.10699e+06	0	0	0	0	0	0	413952	0	0	0	1.35274e+06	0	0	0	0	413952	0	413952	0	0	0	0	0	0	0	489410	725629	1.71892e+07	972293	0	0
sim	STAT_COMMENT	1	20	2	20386736	8.05531e+06	1.88872e+07	7.33321e+06	37730	8.44475e+06	2.43729e+06	4.29051e+06	7.65487e+08	0	0	1.35894e+08	0	8.01948e+06	0	0	0	1.62092e+06	0	0	0	2.55609e+08	0	0	0	4.47037e+07	0	810460	0	8.42428e+06	0	0	0	0	0	0	421400	0	0	0	1.37088e+06	0	0	0	0	421400	0	421400	0	0	0	0	0	0	0	1.49957e+06	725629	1.71892e+07	972293	0	0
sim	STAT_COMMENT	3	11	2	8266880	4.64447e+06	6.29572e+06	177734	7283.33	1.47155e+06	1.34147e+06	2.55588e+06	3.8775e+08	0	0	1.24521e+08	0	1.29508e+07	0	0	0	1.5976e+06	0	0	0	2.33217e+08	0	0	0	4.17057e+07	0	798798	0	1.32859e+07	0	0	0	0	0	0	413952	0	0	0	1.35274e+06	0	0	0	0	413952	0	413952	0	0	0	0	0	0	0	5.91347e+06	725629	1.71892e+07	972293	0	0
sim	STAT_COMMENT	1	21	2	20929408	8.00418e+06	1.88872e+07	8.04341e+06	34630	9.08824e+06	2.37621e+06	4.26729e+06	8.4081e+08	0	0	1.41968e+08	0	8.41016e+06	0	0	0	1.66698e+06	0	0	0	2.67272e+08	0	0	0	4.60498e+07	0	833490	0	8.83352e+06	0	0	0	0	0	0	432180	0	0	0	1.4112e+06	0	0	0	0	432180	0	432180	0	0	0	0	0	0	0	2.04224e+06	725629	1.71892e+07	972293	0	0
sim	STAT_COMMENT	1	23	2	19516700	6.75116e+06	1.88872e+07	8.5196e+06	30890	9.55123e+06	2.00496e+06	3.63001e+06	9.068e+08	0	0	1.29693e+08	0	9.16154e+06	0	0	0	1.63415e+06	0	0	0	2.43168e+08	0	0	0	4.32047e+07	0	817075	0	9.51965e+06	0	0	0	0	0	0	423752	0	0	0	1.38331e+06	0	0	0	0	423752	0	423752	0	0	0	0	0	0	0	629530	725629	1.71892e+07	972293	0	0
sim	STAT_COMMENT	1	24	2	19530672	6.59794e+06	1.88872e+07	8.75877e+06	30700	9.79206e+06	1.96163e+06	3.55075e+06	9.57793e+08	0	0	1.32106e+08	0	9.54106e+06	0	0	0	1.62994e+06	0	0	0	2.47983e+08	0	0	0	4.3766e+07	0	814968	0	9.92525e+06	0	0	0	0	0	0	423360	0	0	0	1.37894e+06	0	0	0	0	423360	0	423360	0	0	0	0	0	0	0	643502	725629	1.71892e+07	972293	0	0
sim	STAT_COMMENT	3	12	2	8326828	4.61888e+06	6.29572e+06	209016	7273.33	1.56832e+06	1.33515e+06	2.54183e+06	4.32067e+08	0	0	1.35077e+08	0	1.4114e+07	0	0	0	1.68638e+06	0	0	0	2.53402e+08	0	0	0	4.48762e+07	0	843192	0	1.44917e+07	0	0	0	0	0	0	437472	0	0	0	1.42733e+06	0	0	0	0	437472	0	437472	0	0	0	0	0	0	0	6.09331e+06	725629	1.71892e+07	972293	0	0
sim	STAT_COMMENT	3	9	2	10362988	6.07625e+06	6.29572e+06	130775	9616.67	1.40111e+06	1.81082e+06	3.2816e+06	3.75528e+08	0	0	1.36145e+08	0	1.06781e+07	0	0	0	1.61935e+06	0	0	0	2.56143e+08	0	0	0	4.47703e+07	0	809676	0	1.10757e+07	0	0	0	0	0	0	420714	0	0	0	1.36987e+06	0	0	0	0	420714	0	420714	0	0	0	0	0	0	0	1.22018e+07	725629	1.71892e+07	972293	0	0
sim	STAT_COMMENT	4	1	2	54051312	3.44964e+07	4.72179e+06	59455	37207.5	2.35842e+06	1.07187e+07	1.77903e+07	2.5227e+08	0	0	1.20747e+08	0	1.92102e+06	0	0	0	1.54918e+06	0	0	0	2.2615e+08	0	0	0	4.04419e+07	0	774592	0	2.24602e+06	0	0	0	0	0	0	401408	0	0	0	1.31174e+06	0	0	0	0	401408	0	401408	0	0	0	0	0	0	0	1.97318e+08	725629	1.71892e+07	972293	0	0
sim	STAT_COMMENT	3	8	2	11129056	6.59794e+06	6.29572e+06	124873	10233.3	1.39045e+06	1.96163e+06	3.55075e+06	3.52877e+08	0	0	1.32106e+08	0	9.54106e+06	0	0	0	1.62994e+06	0	0	0	2.47983e+08	0	0	0	4.3766e+07	0	814968	0	9.92525e+06	0	0	0	0	0	0	423360	0	0	0	1.37894e+06	0	0	0	0	423360	0	423360	0	0	0	0	0	0	0	1.45e+07	725629	1.71892e+07	972293	0	0
sim	STAT_COMMENT	3	13	2	8224072	4.46566e+06	6.29572e+06	250147	7210	1.69243e+06	1.29183e+06	2.46257e+06	4.73213e+08	0	0	1.41091e+08	0	1.52596e+07	0	0	0	1.70461e+06	0	0	0	2.65163e+08	0	0	0	4.64755e+07	0	852306	0	1.56859e+07	0	0	0	0	0	0	443352	0	0	0	1.44144e+06	0	0	0	0	443352	0	443352	0	0	0	0	0	0	0	5.78505e+06	725629	1.71892e+07	972293	0	0
sim	STAT_COMMENT	3	10	2	10206132	5.92303e+06	6.29572e+06	153352	9553.33	1.47112e+06	1.76749e+06	3.20234e+06	4.16339e+08	0	0	1.4724e+08	0	1.18411e+07	0	0	0	1.7052e+06	0	0	0	2.77407e+08	0	0	0	4.80984e+07	0	852600	0	1.22959e+07	0	0	0	0	0	0	443940	0	0	0	1.44144e+06	0	0	0	0	443940	0	443940	0	0	0	0	0	0	0	1.17312e+07	725629	1.71892e+07	972293	0	0
sim	STAT_COMMENT	2	12	2	11689488	6.59794e+06	9.44359e+06	461255	15350	1.95088e+06	1.96163e+06	3.55075e+06	3.93228e+08	0	0	1.32106e+08	0	9.54106e+06	0	0	0	1.62994e+06	0	0	0	2.47983e+08	0	0	0	4.3766e+07	0	814968	0	9.92525e+06	0	0	0	0	0	0	423360	0	0	0	1.37894e+06	0	0	0	0	423360	0	423360	0	0	0	0	0	0	0	4.49181e+06	725629	1.71892e+07	972293	0	0
sim	STAT_COMMENT	2	13	2	11108688	6.10184e+06	9.44359e+06	545016	14440	2.10999e+06	1.81713e+06	3.29565e+06	4.17912e+08	0	0	1.31655e+08	0	1.02928e+07	0	0	0	1.60014e+06	0	0	0	2.4739e+08	0	0	0	4.35606e+07	0	800072	0	1.06669e+07	0	0	0	0	0	0	415324	0	0	0	1.35408e+06	0	0	0	0	415324	0	415324	0	0	0	0	0	0	0	3.33021e+06	725629	1.71892e+07	972293	0	0
sim	STAT_COMMENT	2	11	2	11818492	6.77675e+06	9.44359e+06	395217	15460	1.8162e+06	2.01127e+06	3.64405e+06	3.57708e+08	0	0	1.24521e+08	0	8.77184e+06	0	0	0	1.5976e+06	0	0	0	2.33217e+08	0	0	0	4.17057e+07	0	798798	0	9.10699e+06	0	0	0	0	0	0	413952	0	0	0	1.35274e+06	0	0	0	0	413952	0	413952	0	0	0	0	0	0	0	4.74981e+06	725629	1.71892e+07	972293	0	0
sim	STAT_COMMENT	3	14	2	8555872	4.44006e+06	6.29572e+06	370359	7200	2.06105e+06	1.28552e+06	2.44853e+06	5.54446e+08	0	0	1.51053e+08	0	1.6417e+07	0	0	0	1.76988e+06	0	0	0	2.84374e+08	0	0	0	4.93261e+07	0	884940	0	1.68901e+07	0	0	0	0	0	0	460992	0	0	0	1.49587e+06	0	0	0	0	460992	0	460992	0	0	0	0	0	0	0	6.78045e+06	725629	1.71892e+07	972293	0	0
sim	STAT_COMMENT	3	6	2	14368072	8.70463e+06	6.29572e+06	119566	13246.7	1.45931e+06	2.62513e+06	4.62487e+06	3.30244e+08	0	0	1.32657e+08	0	7.26163e+06	0	0	0	1.62994e+06	0	0	0	2.49084e+08	0	0	0	4.38883e+07	0	814968	0	7.64723e+06	0	0	0	0	0	0	423360	0	0	0	1.37894e+06	0	0	0	0	423360	0	423360	0	0	0	0	0	0	0	2.4217e+07	725629	1.71892e+07	972293	0	0
sim	STAT_COMMENT	2	9	2	14581084	8.70463e+06	9.44359e+06	286105	19870	1.67233e+06	2.62513e+06	4.62487e+06	3.41746e+08	0	0	1.32657e+08	0	7.26163e+06	0	0	0	1.62994e+06	0	0	0	2.49084e+08	0	0	0	4.38883e+07	0	814968	0	7.64723e+06	0	0	0	0	0	0	423360	0	0	0	1.37894e+06	0	0	0	0	423360	0	423360	0	0	0	0	0	0	0	1.0275e+07	725629	1.71892e+07	972293	0	0
sim	STAT_COMMENT	2	10	2	13725372	8.05531e+06	9.44359e+06	343435	18865	1.78339e+06	2.43729e+06	4.29051e+06	3.65805e+08	0	0	1.35894e+08	0	8.01948e+06	0	0	0	1.62092e+06	0	0	0	2.55609e+08	0	0	0	4.47037e+07	0	810460	0	8.42428e+06	0	0	0	0	0	0	421400	0	0	0	1.37088e+06	0	0	0	0	421400	0	421400	0	0	0	0	0	0	0	8.56357e+06	725629	1.71892e+07	972293	0	0
sim	STAT_COMMENT	2	8	2	14857980	8.90903e+06	9.44359e+06	273983	19995	1.64872e+06	2.68108e+06	4.73223e+06	3.0772e+08	0	0	1.20747e+08	0	6.47987e+06	0	0	0	1.54918e+06	0	0	0	2.2615e+08	0	0	0	4.04419e+07	0	774592	0	6.80486e+06	0	0	0	0	0	0	401408	0	0	0	1.31174e+06	0	0	0	0	401408	0	401408	0	0	0	0	0	0	0	1.08288e+07	725629	1.71892e+07	972293	0	0
sim	STAT_COMMENT	3	5	2	16905112	1.03408e+07	6.29572e+06	117053	15663.3	1.5293e+06	3.15043e+06	5.45795e+06	3.1866e+08	0	0	1.32237e+08	0	6.12045e+06	0	0	0	1.62582e+06	0	0	0	2.48309e+08	0	0	0	4.38295e+07	0	812910	0	6.49365e+06	0	0	0	0	0	0	421890	0	0	0	1.37592e+06	0	0	0	0	421890	0	421890	0	0	0	0	0	0	0	3.18282e+07	725629	1.71892e+07	972293	0	0
sim	STAT_COMMENT	2	16	2	10258260	4.64447e+06	9.44359e+06	1.25454e+06	10925	3.46293e+06	1.34147e+06	2.55588e+06	5.67173e+08	0	0	1.20747e+08	0	1.25583e+07	0	0	0	1.54918e+06	0	0	0	2.2615e+08	0	0	0	4.04419e+07	0	774592	0	1.28833e+07	0	0	0	0	0	0	401408	0	0	0	1.31174e+06	0	0	0	0	401408	0	401408	0	0	0	0	0	0	0	1.62935e+06	725629	1.71892e+07	972293	0	0
sim	STAT_COMMENT	3	15	2	8292668	3.96956e+06	6.29572e+06	519623	6603.33	2.50094e+06	1.14732e+06	2.20747e+06	6.1969e+08	0	0	1.42963e+08	0	1.75323e+07	0	0	0	1.68021e+06	0	0	0	2.69164e+08	0	0	0	4.69577e+07	0	840105	0	1.79512e+07	0	0	0	0	0	0	436590	0	0	0	1.42128e+06	0	0	0	0	436590	0	436590	0	0	0	0	0	0	0	5.99083e+06	725629	1.71892e+07	972293	0	0
sim	STAT_COMMENT	3	7	2	13234708	8.00418e+06	6.29572e+06	120486	11543.3	1.39354e+06	2.37621e+06	4.26729e+06	3.56044e+08	0	0	1.41968e+08	0	8.41016e+06	0	0	0	1.66698e+06	0	0	0	2.67272e+08	0	0	0	4.60498e+07	0	833490	0	8.83352e+06	0	0	0	0	0	0	432180	0	0	0	1.4112e+06	0	0	0	0	432180	0	432180	0	0	0	0	0	0	0	2.0817e+07	725629	1.71892e+07	972293	0	0
sim	STAT_COMMENT	2	14	2	11588852	6.07625e+06	9.44359e+06	799460	14425	2.62698e+06	1.81082e+06	3.2816e+06	4.92409e+08	0	0	1.41188e+08	0	1.10736e+07	0	0	0	1.67933e+06	0	0	0	2.6563e+08	0	0	0	4.64285e+07	0	839664	0	1.14859e+07	0	0	0	0	0	0	436296	0	0	0	1.42061e+06	0	0	0	0	436296	0	436296	0	0	0	0	0	0	0	4.29053e+06	725629	1.71892e+07	972293	0	0
sim	STAT_COMMENT	3	16	2	8711672	3.94397e+06	6.29572e+06	670157	6593.33	2.95676e+06	1.14101e+06	2.19343e+06	7.24796e+08	0	0	1.51476e+08	0	1.86823e+07	0	0	0	1.71696e+06	0	0	0	2.85754e+08	0	0	0	4.92603e+07	0	858480	0	1.91453e+07	0	0	0	0	0	0	446880	0	0	0	1.45152e+06	0	0	0	0	446880	0	446880	0	0	0	0	0	0	0	7.24785e+06	725629	1.71892e+07	972293	0	0
sim	STAT_COMMENT	3	4	2	20194032	1.24731e+07	6.29572e+06	116050	18686.7	1.61125e+06	3.82023e+06	6.54612e+06	2.99584e+08	0	0	1.28429e+08	0	4.97162e+06	0	0	0	1.59113e+06	0	0	0	2.41051e+08	0	0	0	4.26465e+07	0	795564	0	5.33112e+06	0	0	0	0	0	0	412776	0	0	0	1.34669e+06	0	0	0	0	412776	0	412776	0	0	0	0	0	0	0	4.16949e+07	725629	1.71892e+07	972293	0	0
sim	STAT_COMMENT	2	17	2	10693052	4.64447e+06	9.44359e+06	1.47664e+06	10925	3.89773e+06	1.34147e+06	2.55588e+06	6.4697e+08	0	0	1.28294e+08	0	1.33432e+07	0	0	0	1.64601e+06	0	0	0	2.40284e+08	0	0	0	4.29695e+07	0	823004	0	1.36885e+07	0	0	0	0	0	0	426496	0	0	0	1.39373e+06	0	0	0	0	426496	0	426496	0	0	0	0	0	0	0	2.49893e+06	725629	1.71892e+07	972293	0	0
sim	STAT_COMMENT	2	7	2	17838260	1.08369e+07	9.44359e+06	269039	24405	1.72253e+06	3.29493e+06	5.71305e+06	3.16568e+08	0	0	1.29591e+08	0	5.73574e+06	0	0	0	1.60661e+06	0	0	0	2.43202e+08	0	0	0	4.2982e+07	0	803306	0	6.10674e+06	0	0	0	0	0	0	417088	0	0	0	1.35946e+06	0	0	0	0	417088	0	417088	0	0	0	0	0	0	0	1.67894e+07	725629	1.71892e+07	972293	0	0
sim	STAT_COMMENT	2	15	2	11790816	5.92303e+06	9.44359e+06	1.01539e+06	14330	3.0558e+06	1.76749e+06	3.20234e+06	5.5896e+08	0	0	1.4724e+08	0	1.18411e+07	0	0	0	1.7052e+06	0	0	0	2.77407e+08	0	0	0	4.80984e+07	0	852600	0	1.22959e+07	0	0	0	0	0	0	443940	0	0	0	1.44144e+06	0	0	0	0	443940	0	443940	0	0	0	0	0	0	0	4.69446e+06	725629	1.71892e+07	972293	0	0
sim	STAT_COMMENT	2	18	2	11123908	4.61888e+06	9.44359e+06	1.70811e+06	10910	4.3654e+06	1.33515e+06	2.54183e+06	7.34152e+08	0	0	1.35077e+08	0	1.4114e+07	0	0	0	1.68638e+06	0	0	0	2.53402e+08	0	0	0	4.48762e+07	0	843192	0	1.44917e+07	0	0	0	0	0	0	437472	0	0	0	1.42733e+06	0	0	0	0	437472	0	437472	0	0	0	0	0	0	0	3.36065e+06	725629	1.71892e+07	972293	0	0
sim	STAT_COMMENT	2	6	2	20377508	1.24731e+07	9.44359e+06	266305	28030	1.79472e+06	3.82023e+06	6.54612e+06	3.06189e+08	0	0	1.28429e+08	0	4.97162e+06	0	0	0	1.59113e+06	0	0	0	2.41051e+08	0	0	0	4.26465e+07	0	795564	0	5.33112e+06	0	0	0	0	0	0	412776	0	0	0	1.34669e+06	0	0	0	0	412776	0	412776	0	0	0	0	0	0	0	2.18678e+07	725629	1.71892e+07	972293	0	0
sim	STAT_COMMENT	2	19	2	11229400	4.46566e+06	9.44359e+06	1.87504e+06	10815	4.69776e+06	1.29183e+06	2.46257e+06	8.03687e+08	0	0	1.37473e+08	0	1.48683e+07	0	0	0	1.6609e+06	0	0	0	2.58364e+08	0	0	0	4.52838e+07	0	830452	0	1.52837e+07	0	0	0	0	0	0	431984	0	0	0	1.40448e+06	0	0	0	0	431984	0	431984	0	0	0	0	0	0	0	3.57163e+06	725629	1.71892e+07	972293	0	0
sim	STAT_COMMENT	2	5	2	23698908	1.4631e+07	9.44359e+06	262528	32580	1.87233e+06	4.49635e+06	7.64834e+06	2.92626e+08	0	0	1.26104e+08	0	4.20966e+06	0	0	0	1.58368e+06	0	0	0	2.36494e+08	0	0	0	4.20302e+07	0	791840	0	4.55666e+06	0	0	0	0	0	0	410620	0	0	0	1.34064e+06	0	0	0	0	410620	0	410620	0	0	0	0	0	0	0	2.85106e+07	725629	1.71892e+07	972293	0	0
sim	STAT_COMMENT	4	8	2	8006352	4.64447e+06	4.72179e+06	69934	5462.5	1.21103e+06	1.34147e+06	2.55588e+06	3.5099e+08	0	0	1.20747e+08	0	1.25583e+07	0	0	0	1.54918e+06	0	0	0	2.2615e+08	0	0	0	4.04419e+07	0	774592	0	1.28833e+07	0	0	0	0	0	0	401408	0	0	0	1.31174e+06	0	0	0	0	401408	0	401408	0	0	0	0	0	0	0	1.31382e+07	725629	1.71892e+07	972293	0	0
sim	STAT_COMMENT	5	1	2	44091292	2.8074e+07	3.77743e+06	38008.6	24318	2.05613e+06	8.70301e+06	1.45117e+07	2.58479e+08	0	0	1.22528e+08	0	2.30524e+06	0	0	0	1.56555e+06	0	0	0	2.29542e+08	0	0	0	4.09875e+07	0	782775	0	2.63699e+06	0	0	0	0	0	0	405720	0	0	0	1.32552e+06	0	0	0	0	405720	0	405720	0	0	0	0	0	0	0	2.01569e+08	725629	1.71892e+07	972293	0	0
sim	STAT_COMMENT	2	20	2	11515764	4.44006e+06	9.44359e+06	2.03545e+06	10800	5.02094e+06	1.28552e+06	2.44853e+06	8.8323e+08	0	0	1.4386e+08	0	1.56352e+07	0	0	0	1.6856e+06	0	0	0	2.70833e+08	0	0	0	4.69773e+07	0	842800	0	1.60858e+07	0	0	0	0	0	0	439040	0	0	0	1.42464e+06	0	0	0	0	439040	0	439040	0	0	0	0	0	0	0	4.14436e+06	725629	1.71892e+07	972293	0	0
sim	STAT_COMMENT	2	4	2	27997388	1.74382e+07	9.44359e+06	259835	38135	1.96025e+06	5.3603e+06	9.08492e+06	2.72553e+08	0	0	1.20747e+08	0	3.44064e+06	0	0	0	1.54918e+06	0	0	0	2.2615e+08	0	0	0	4.04419e+07	0	774592	0	3.76563e+06	0	0	0	0	0	0	401408	0	0	0	1.31174e+06	0	0	0	0	401408	0	401408	0	0	0	0	0	0	0	3.71076e+07	725629	1.71892e+07	972293	0	0
sim	STAT_COMMENT	2	3	2	37601272	2.36562e+07	9.44359e+06	256297	51630	2.20691e+06	7.32007e+06	1.22561e+07	2.69739e+08	0	0	1.23587e+08	0	2.68632e+06	0	0	0	1.56937e+06	0	0	0	2.31608e+08	0	0	0	4.12729e+07	0	784686	0	3.02611e+06	0	0	0	0	0	0	406896	0	0	0	1.32854e+06	0	0	0	0	406896	0	406896	0	0	0	0	0	0	0	5.63154e+07	725629	1.71892e+07	972293	0	0
sim	STAT_COMMENT	4	9	2	7979344	4.61888e+06	4.72179e+06	72341	5455	1.22084e+06	1.33515e+06	2.54183e+06	3.94539e+08	0	0	1.35077e+08	0	1.4114e+07	0	0	0	1.68638e+06	0	0	0	2.53402e+08	0	0	0	4.48762e+07	0	843192	0	1.44917e+07	0	0	0	0	0	0	437472	0	0	0	1.42733e+06	0	0	0	0	437472	0	437472	0	0	0	0	0	0	0	1.30302e+07	725629	1.71892e+07	972293	0	0
sim	STAT_COMMENT	3	3	2	26381844	1.65333e+07	6.29572e+06	113646	23636.7	1.7128e+06	5.05543e+06	8.61999e+06	2.86328e+08	0	0	1.28764e+08	0	3.83015e+06	0	0	0	1.58584e+06	0	0	0	2.41754e+08	0	0	0	4.24842e+07	0	792918	0	4.1944e+06	0	0	0	0	0	0	411012	0	0	0	1.34266e+06	0	0	0	0	411012	0	411012	0	0	0	0	0	0	0	6.02584e+07	725629	1.71892e+07	972293	0	0
sim	STAT_COMMENT	4	6	2	11021284	6.59794e+06	4.72179e+06	66897.5	7675	1.28267e+06	1.96163e+06	3.55075e+06	3.45117e+08	0	0	1.32106e+08	0	9.54106e+06	0	0	0	1.62994e+06	0	0	0	2.47983e+08	0	0	0	4.3766e+07	0	814968	0	9.92525e+06	0	0	0	0	0	0	423360	0	0	0	1.37894e+06	0	0	0	0	423360	0	423360	0	0	0	0	0	0	0	2.5198e+07	725629	1.71892e+07	972293	0	0
sim	STAT_COMMENT	4	7	2	10242432	6.07625e+06	4.72179e+06	68263.8	7212.5	1.28056e+06	1.81082e+06	3.2816e+06	3.7931e+08	0	0	1.41188e+08	0	1.10736e+07	0	0	0	1.67933e+06	0	0	0	2.6563e+08	0	0	0	4.64285e+07	0	839664	0	1.14859e+07	0	0	0	0	0	0	436296	0	0	0	1.42061e+06	0	0	0	0	436296	0	436296	0	0	0	0	0	0	0	2.20826e+07	725629	1.71892e+07	972293	0	0
sim	STAT_COMMENT	2	22	2	11403288	3.96956e+06	9.44359e+06	2.33633e+06	9905	5.61156e+06	1.14732e+06	2.20747e+06	1.01652e+09	0	0	1.39786e+08	0	1.71427e+07	0	0	0	1.64287e+06	0	0	0	2.63183e+08	0	0	0	4.59142e+07	0	821436	0	1.75523e+07	0	0	0	0	0	0	426888	0	0	0	1.3897e+06	0	0	0	0	426888	0	426888	0	0	0	0	0	0	0	3.91941e+06	725629	1.71892e+07	972293	0	0
sim	STAT_COMMENT	2	21	2	11894320	4.44006e+06	9.44359e+06	2.22795e+06	10800	5.3995e+06	1.28552e+06	2.44853e+06	9.7509e+08	0	0	1.51053e+08	0	1.6417e+07	0	0	0	1.76988e+06	0	0	0	2.84374e+08	0	0	0	4.93261e+07	0	884940	0	1.68901e+07	0	0	0	0	0	0	460992	0	0	0	1.49587e+06	0	0	0	0	460992	0	460992	0	0	0	0	0	0	0	4.90147e+06	725629	1.71892e+07	972293	0	0
sim	STAT_COMMENT	4	4	2	14565524	8.90903e+06	4.72179e+06	63789	9997.5	1.35626e+06	2.68108e+06	4.73223e+06	2.93682e+08	0	0	1.20747e+08	0	6.47987e+06	0	0	0	1.54918e+06	0	0	0	2.2615e+08	0	0	0	4.04419e+07	0	774592	0	6.80486e+06	0	0	0	0	0	0	401408	0	0	0	1.31174e+06	0	0	0	0	401408	0	401408	0	0	0	0	0	0	0	3.93749e+07	725629	1.71892e+07	972293	0	0
sim	STAT_COMMENT	4	10	2	7777084	4.44006e+06	4.72179e+06	87350.5	5400	1.28226e+06	1.28552e+06	2.44853e+06	4.34589e+08	0	0	1.4386e+08	0	1.56352e+07	0	0	0	1.6856e+06	0	0	0	2.70833e+08	0	0	0	4.69773e+07	0	842800	0	1.60858e+07	0	0	0	0	0	0	439040	0	0	0	1.42464e+06	0	0	0	0	439040	0	439040	0	0	0	0	0	0	0	1.22212e+07	725629	1.71892e+07	972293	0	0
sim	STAT_COMMENT	4	5	2	13294116	8.05531e+06	4.72179e+06	65143.3	9432.5	1.35213e+06	2.43729e+06	4.29051e+06	3.3993e+08	0	0	1.35894e+08	0	8.01948e+06	0	0	0	1.62092e+06	0	0	0	2.55609e+08	0	0	0	4.47037e+07	0	810460	0	8.42428e+06	0	0	0	0	0	0	421400	0	0	0	1.37088e+06	0	0	0	0	421400	0	421400	0	0	0	0	0	0	0	3.42893e+07	725629	1.71892e+07	972293	0	0
sim	STAT_COMMENT	4	11	2	7116828	3.96956e+06	4.72179e+06	99401	4952.5	1.3251e+06	1.14732e+06	2.20747e+06	4.50708e+08	0	0	1.39786e+08	0	1.71427e+07	0	0	0	1.64287e+06	0	0	0	2.63183e+08	0	0	0	4.59142e+07	0	821436	0	1.75523e+07	0	0	0	0	0	0	426888	0	0	0	1.3897e+06	0	0	0	0	426888	0	426888	0	0	0	0	0	0	0	9.58014e+06	725629	1.71892e+07	972293	0	0
sim	STAT_COMMENT	2	23	2	11523328	3.96956e+06	9.44359e+06	2.39679e+06	9905	5.7316e+06	1.14732e+06	2.20747e+06	1.07929e+09	0	0	1.4614e+08	0	1.79219e+07	0	0	0	1.71755e+06	0	0	0	2.75146e+08	0	0	0	4.80012e+07	0	858774	0	1.83501e+07	0	0	0	0	0	0	446292	0	0	0	1.45286e+06	0	0	0	0	446292	0	446292	0	0	0	0	0	0	0	4.15949e+06	725629	1.71892e+07	972293	0	0
sim	STAT_COMMENT	2	24	2	11525720	3.94397e+06	9.44359e+06	2.4149e+06	9890	5.77081e+06	1.14101e+06	2.19343e+06	1.13002e+09	0	0	1.51476e+08	0	1.86823e+07	0	0	0	1.71696e+06	0	0	0	2.85754e+08	0	0	0	4.92603e+07	0	858480	0	1.91453e+07	0	0	0	0	0	0	446880	0	0	0	1.45152e+06	0	0	0	0	446880	0	446880	0	0	0	0	0	0	0	4.16427e+06	725629	1.71892e+07	972293	0	0
sim	STAT_COMMENT	3	17	2	8649216	3.94397e+06	6.29572e+06	652625	6593.33	2.89431e+06	1.14101e+06	2.19343e+06	7.6054e+08	0	0	1.60943e+08	0	1.98499e+07	0	0	0	1.82427e+06	0	0	0	3.03614e+08	0	0	0	5.23391e+07	0	912135	0	2.03419e+07	0	0	0	0	0	0	474810	0	0	0	1.54224e+06	0	0	0	0	474810	0	474810	0	0	0	0	0	0	0	7.06048e+06	725629	1.71892e+07	972293	0	0
sim	STAT_COMMENT	4	12	2	7168844	3.94397e+06	4.72179e+06	120698	4945	1.41394e+06	1.14101e+06	2.19343e+06	5.02629e+08	0	0	1.51476e+08	0	1.86823e+07	0	0	0	1.71696e+06	0	0	0	2.85754e+08	0	0	0	4.92603e+07	0	858480	0	1.91453e+07	0	0	0	0	0	0	446880	0	0	0	1.45152e+06	0	0	0	0	446880	0	446880	0	0	0	0	0	0	0	9.78821e+06	725629	1.71892e+07	972293	0	0
sim	STAT_COMMENT	3	22	2	7300708	2.51219e+06	6.29572e+06	950670	4260	3.71235e+06	671660	1.46771e+06	9.89796e+08	0	0	1.24521e+08	0	2.54876e+07	0	0	0	1.5976e+06	0	0	0	2.33217e+08	0	0	0	4.17057e+07	0	798798	0	2.58228e+07	0	0	0	0	0	0	413952	0	0	0	1.35274e+06	0	0	0	0	413952	0	413952	0	0	0	0	0	0	0	3.01495e+06	725629	1.71892e+07	972293	0	0
sim	STAT_COMMENT	4	2	2	27721660	1.74382e+07	4.72179e+06	60887	19067.5	1.68452e+06	5.3603e+06	9.08492e+06	2.65935e+08	0	0	1.20747e+08	0	3.44064e+06	0	0	0	1.54918e+06	0	0	0	2.2615e+08	0	0	0	4.04419e+07	0	774592	0	3.76563e+06	0	0	0	0	0	0	401408	0	0	0	1.31174e+06	0	0	0	0	401408	0	401408	0	0	0	0	0	0	0	9.19995e+07	725629	1.71892e+07	972293	0	0
sim	STAT_COMMENT	4	16	2	5706804	2.51219e+06	4.72179e+06	312834	3195	2.11845e+06	671660	1.46771e+06	6.53772e+08	0	0	1.20747e+08	0	2.47153e+07	0	0	0	1.54918e+06	0	0	0	2.2615e+08	0	0	0	4.04419e+07	0	774592	0	2.50403e+07	0	0	0	0	0	0	401408	0	0	0	1.31174e+06	0	0	0	0	401408	0	401408	0	0	0	0	0	0	0	3.94005e+06	725629	1.71892e+07	972293	0	0
sim	STAT_COMMENT	4	13	2	7034304	3.79075e+06	4.72179e+06	143799	4897.5	1.50626e+06	1.09768e+06	2.11417e+06	5.4641e+08	0	0	1.57109e+08	0	2.01984e+07	0	0	0	1.69697e+06	0	0	0	2.97092e+08	0	0	0	5.05116e+07	0	848484	0	2.07227e+07	0	0	0	0	0	0	443352	0	0	0	1.4327e+06	0	0	0	0	443352	0	443352	0	0	0	0	0	0	0	9.25005e+06	725629	1.71892e+07	972293	0	0
sim	STAT_COMMENT	6	1	2	37245392	2.36562e+07	3.14786e+06	25899.7	17210	1.85103e+06	7.32007e+06	1.22561e+07	2.63334e+08	0	0	1.23587e+08	0	2.68632e+06	0	0	0	1.56937e+06	0	0	0	2.31608e+08	0	0	0	4.12729e+07	0	784686	0	3.02611e+06	0	0	0	0	0	0	406896	0	0	0	1.32854e+06	0	0	0	0	406896	0	406896	0	0	0	0	0	0	0	2.04585e+08	725629	1.71892e+07	972293	0	0
sim	STAT_COMMENT	5	7	2	7915456	4.61888e+06	3.77743e+06	45082	4364	1.15695e+06	1.33515e+06	2.54183e+06	3.76871e+08	0	0	1.31325e+08	0	1.3722e+07	0	0	0	1.63954e+06	0	0	0	2.46363e+08	0	0	0	4.36296e+07	0	819770	0	1.40892e+07	0	0	0	0	0	0	425320	0	0	0	1.38768e+06	0	0	0	0	425320	0	425320	0	0	0	0	0	0	0	2.06901e+07	725629	1.71892e+07	972293	0	0
sim	STAT_COMMENT	3	2	2	37426356	2.36562e+07	6.29572e+06	112185	34420	2.03199e+06	7.32007e+06	1.22561e+07	2.66591e+08	0	0	1.23587e+08	0	2.68632e+06	0	0	0	1.56937e+06	0	0	0	2.31608e+08	0	0	0	4.12729e+07	0	784686	0	3.02611e+06	0	0	0	0	0	0	406896	0	0	0	1.32854e+06	0	0	0	0	406896	0	406896	0	0	0	0	0	0	0	9.33919e+07	725629	1.71892e+07	972293	0	0
sim	STAT_COMMENT	4	3	2	20094524	1.24731e+07	4.72179e+06	62353.8	14015	1.51174e+06	3.82023e+06	6.54612e+06	2.96002e+08	0	0	1.28429e+08	0	4.97162e+06	0	0	0	1.59113e+06	0	0	0	2.41051e+08	0	0	0	4.26465e+07	0	795564	0	5.33112e+06	0	0	0	0	0	0	412776	0	0	0	1.34669e+06	0	0	0	0	412776	0	412776	0	0	0	0	0	0	0	6.14909e+07	725629	1.71892e+07	972293	0	0
sim	STAT_COMMENT	3	18	2	8720004	3.79075e+06	6.29572e+06	750830	6530	3.19196e+06	1.09768e+06	2.11417e+06	8.40509e+08	0	0	1.63152e+08	0	2.09752e+07	0	0	0	1.76224e+06	0	0	0	3.08518e+08	0	0	0	5.24543e+07	0	881118	0	2.15198e+07	0	0	0	0	0	0	460404	0	0	0	1.48781e+06	0	0	0	0	460404	0	460404	0	0	0	0	0	0	0	7.27284e+06	725629	1.71892e+07	972293	0	0
sim	STAT_COMMENT	5	13	2	4854932	2.51219e+06	3.77743e+06	82951	2556	1.26658e+06	671660	1.46771e+06	4.97873e+08	0	0	1.22634e+08	0	2.51014e+07	0	0	0	1.57339e+06	0	0	0	2.29683e+08	0	0	0	4.10738e+07	0	786695	0	2.54315e+07	0	0	0	0	0	0	407680	0	0	0	1.33224e+06	0	0	0	0	407680	0	407680	0	0	0	0	0	0	0	5.38749e+06	725629	1.71892e+07	972293	0	0
sim	STAT_COMMENT	3	23	2	7562024	2.51219e+06	6.29572e+06	1.03867e+06	4260	3.97367e+06	671660	1.46771e+06	1.08888e+09	0	0	1.30181e+08	0	2.66461e+07	0	0	0	1.67021e+06	0	0	0	2.43817e+08	0	0	0	4.36014e+07	0	835107	0	2.69965e+07	0	0	0	0	0	0	432768	0	0	0	1.41422e+06	0	0	0	0	432768	0	432768	0	0	0	0	0	0	0	3.7989e+06	725629	1.71892e+07	972293	0	0
sim	STAT_COMMENT	5	8	2	7657264	4.44006e+06	3.77743e+06	46364	4320	1.16244e+06	1.28552e+06	2.44853e+06	4.2021e+08	0	0	1.4386e+08	0	1.56352e+07	0	0	0	1.6856e+06	0	0	0	2.70833e+08	0	0	0	4.69773e+07	0	842800	0	1.60858e+07	0	0	0	0	0	0	439040	0	0	0	1.42464e+06	0	0	0	0	439040	0	439040	0	0	0	0	0	0	0	1.93992e+07	725629	1.71892e+07	972293	0	0
sim	STAT_COMMENT	4	14	2	7318156	3.79075e+06	4.72179e+06	212671	4897.5	1.79011e+06	1.09768e+06	2.11417e+06	6.36128e+08	0	0	1.69194e+08	0	2.17521e+07	0	0	0	1.8275e+06	0	0	0	3.19945e+08	0	0	0	5.43971e+07	0	913752	0	2.23168e+07	0	0	0	0	0	0	477456	0	0	0	1.54291e+06	0	0	0	0	477456	0	477456	0	0	0	0	0	0	0	1.03855e+07	725629	1.71892e+07	972293	0	0
sim	STAT_COMMENT	3	19	2	8785632	3.76516e+06	6.29572e+06	785341	6520	3.29441e+06	1.09137e+06	2.10012e+06	9.02531e+08	0	0	1.71006e+08	0	2.21182e+07	0	0	0	1.77076e+06	0	0	0	3.24049e+08	0	0	0	5.43853e+07	0	885381	0	2.27121e+07	0	0	0	0	0	0	463638	0	0	0	1.49386e+06	0	0	0	0	463638	0	463638	0	0	0	0	0	0	0	7.46973e+06	725629	1.71892e+07	972293	0	0
sim	STAT_COMMENT	4	17	2	5897216	2.51219e+06	4.72179e+06	362578	3195	2.30886e+06	671660	1.46771e+06	7.33477e+08	0	0	1.28294e+08	0	2.626e+07	0	0	0	1.64601e+06	0	0	0	2.40284e+08	0	0	0	4.29695e+07	0	823004	0	2.66053e+07	0	0	0	0	0	0	426496	0	0	0	1.39373e+06	0	0	0	0	426496	0	426496	0	0	0	0	0	0	0	4.70169e+06	725629	1.71892e+07	972293	0	0
sim	STAT_COMMENT	5	9	2	6955520	3.96956e+06	3.77743e+06	48052.6	3962	1.16379e+06	1.14732e+06	2.20747e+06	4.39175e+08	0	0	1.42963e+08	0	1.75323e+07	0	0	0	1.68021e+06	0	0	0	2.69164e+08	0	0	0	4.69577e+07	0	840105	0	1.79512e+07	0	0	0	0	0	0	436590	0	0	0	1.42128e+06	0	0	0	0	436590	0	436590	0	0	0	0	0	0	0	1.58904e+07	725629	1.71892e+07	972293	0	0
sim	STAT_COMMENT	5	6	2	9958864	5.92303e+06	3.77743e+06	43325.4	5732	1.22385e+06	1.76749e+06	3.20234e+06	3.94084e+08	0	0	1.4724e+08	0	1.18411e+07	0	0	0	1.7052e+06	0	0	0	2.77407e+08	0	0	0	4.80984e+07	0	852600	0	1.22959e+07	0	0	0	0	0	0	443940	0	0	0	1.44144e+06	0	0	0	0	443940	0	443940	0	0	0	0	0	0	0	3.09072e+07	725629	1.71892e+07	972293	0	0
sim	STAT_COMMENT	5	5	2	10929500	6.57235e+06	3.77743e+06	42468.2	6134	1.22771e+06	1.95532e+06	3.5367e+06	3.54414e+08	0	0	1.37079e+08	0	9.9288e+06	0	0	0	1.65865e+06	0	0	0	2.5761e+08	0	0	0	4.51584e+07	0	829325	0	1.03374e+07	0	0	0	0	0	0	431200	0	0	0	1.4028e+06	0	0	0	0	431200	0	431200	0	0	0	0	0	0	0	3.57603e+07	725629	1.71892e+07	972293	0	0
sim	STAT_COMMENT	5	14	2	5106584	2.51219e+06	3.77743e+06	131220	2556	1.51823e+06	671660	1.46771e+06	5.89017e+08	0	0	1.32067e+08	0	2.70323e+07	0	0	0	1.69442e+06	0	0	0	2.47351e+08	0	0	0	4.42333e+07	0	847210	0	2.73878e+07	0	0	0	0	0	0	439040	0	0	0	1.43472e+06	0	0	0	0	439040	0	439040	0	0	0	0	0	0	0	6.64575e+06	725629	1.71892e+07	972293	0	0
sim	STAT_COMMENT	5	10	2	6963572	3.94397e+06	3.77743e+06	56688.8	3956	1.20866e+06	1.14101e+06	2.19343e+06	4.92781e+08	0	0	1.57787e+08	0	1.94607e+07	0	0	0	1.7885e+06	0	0	0	2.9766e+08	0	0	0	5.13128e+07	0	894250	0	1.9943e+07	0	0	0	0	0	0	465500	0	0	0	1.512e+06	0	0	0	0	465500	0	465500	0	0	0	0	0	0	0	1.59307e+07	725629	1.71892e+07	972293	0	0
sim	STAT_COMMENT	3	20	2	8921740	3.76516e+06	6.29572e+06	829950	6520	3.43052e+06	1.09137e+06	2.10012e+06	9.74532e+08	0	0	1.80006e+08	0	2.32823e+07	0	0	0	1.86396e+06	0	0	0	3.41105e+08	0	0	0	5.72477e+07	0	931980	0	2.39075e+07	0	0	0	0	0	0	488040	0	0	0	1.57248e+06	0	0	0	0	488040	0	488040	0	0	0	0	0	0	0	7.87805e+06	725629	1.71892e+07	972293	0	0
sim	STAT_COMMENT	3	24	2	7810532	2.51219e+06	6.29572e+06	1.12075e+06	4260	4.22218e+06	671660	1.46771e+06	1.1899e+09	0	0	1.35841e+08	0	2.78047e+07	0	0	0	1.74283e+06	0	0	0	2.54418e+08	0	0	0	4.54971e+07	0	871416	0	2.81703e+07	0	0	0	0	0	0	451584	0	0	0	1.47571e+06	0	0	0	0	451584	0	451584	0	0	0	0	0	0	0	4.54443e+06	725629	1.71892e+07	972293	0	0
sim	STAT_COMMENT	4	15	2	7467476	3.76516e+06	4.72179e+06	259888	4890	1.97625e+06	1.09137e+06	2.10012e+06	7.12765e+08	0	0	1.80006e+08	0	2.32823e+07	0	0	0	1.86396e+06	0	0	0	3.41105e+08	0	0	0	5.72477e+07	0	931980	0	2.39075e+07	0	0	0	0	0	0	488040	0	0	0	1.57248e+06	0	0	0	0	488040	0	488040	0	0	0	0	0	0	0	1.09827e+07	725629	1.71892e+07	972293	0	0
sim	STAT_COMMENT	4	18	2	6175436	2.51219e+06	4.72179e+06	431353	3195	2.58708e+06	671660	1.46771e+06	8.36718e+08	0	0	1.35841e+08	0	2.78047e+07	0	0	0	1.74283e+06	0	0	0	2.54418e+08	0	0	0	4.54971e+07	0	871416	0	2.81703e+07	0	0	0	0	0	0	451584	0	0	0	1.47571e+06	0	0	0	0	451584	0	451584	0	0	0	0	0	0	0	5.81457e+06	725629	1.71892e+07	972293	0	0
sim	STAT_COMMENT	5	11	2	6791324	3.79075e+06	3.77743e+06	67253	3918	1.26328e+06	1.09768e+06	2.11417e+06	5.37842e+08	0	0	1.66173e+08	0	2.13637e+07	0	0	0	1.79487e+06	0	0	0	3.14232e+08	0	0	0	5.34257e+07	0	897435	0	2.19183e+07	0	0	0	0	0	0	468930	0	0	0	1.51536e+06	0	0	0	0	468930	0	468930	0	0	0	0	0	0	0	1.50695e+07	725629	1.71892e+07	972293	0	0
sim	STAT_COMMENT	5	15	2	5324924	2.48659e+06	3.77743e+06	182335	2550	1.77339e+06	665349	1.45366e+06	6.85618e+08	0	0	1.39909e+08	0	2.89338e+07	0	0	0	1.69785e+06	0	0	0	2.62902e+08	0	0	0	4.60992e+07	0	848925	0	2.93399e+07	0	0	0	0	0	0	441000	0	0	0	1.4364e+06	0	0	0	0	441000	0	441000	0	0	0	0	0	0	0	7.73745e+06	725629	1.71892e+07	972293	0	0
sim	STAT_COMMENT	5	3	2	16754212	1.03408e+07	3.77743e+06	40095.6	9398	1.3784e+06	3.15043e+06	5.45795e+06	3.1187e+08	0	0	1.32237e+08	0	6.12045e+06	0	0	0	1.62582e+06	0	0	0	2.48309e+08	0	0	0	4.38295e+07	0	812910	0	6.49365e+06	0	0	0	0	0	0	421890	0	0	0	1.37592e+06	0	0	0	0	421890	0	421890	0	0	0	0	0	0	0	6.48839e+07	725629	1.71892e+07	972293	0	0
sim	STAT_COMMENT	5	4	2	13241508	8.05531e+06	3.77743e+06	41463.4	7546	1.29952e+06	2.43729e+06	4.29051e+06	3.36773e+08	0	0	1.35894e+08	0	8.01948e+06	0	0	0	1.62092e+06	0	0	0	2.55609e+08	0	0	0	4.47037e+07	0	810460	0	8.42428e+06	0	0	0	0	0	0	421400	0	0	0	1.37088e+06	0	0	0	0	421400	0	421400	0	0	0	0	0	0	0	4.73204e+07	725629	1.71892e+07	972293	0	0
sim	STAT_COMMENT	3	21	2	8976404	3.73961e+06	6.29572e+06	891427	5496.67	3.54917e+06	1.0366e+06	2.09095e+06	1.03763e+09	0	0	1.88184e+08	0	2.44402e+07	0	0	0	1.95098e+06	0	0	0	3.56586e+08	0	0	0	5.85295e+07	0	975492	0	2.50705e+07	0	0	0	0	0	0	506268	0	0	0	1.6511e+06	0	0	0	0	506268	0	506268	0	0	0	0	0	0	0	8.04204e+06	725629	1.71892e+07	972293	0	0
sim	STAT_COMMENT	5	12	2	6795864	3.76516e+06	3.77743e+06	75388.2	3912	1.30464e+06	1.09137e+06	2.10012e+06	5.91875e+08	0	0	1.80006e+08	0	2.32823e+07	0	0	0	1.86396e+06	0	0	0	3.41105e+08	0	0	0	5.72477e+07	0	931980	0	2.39075e+07	0	0	0	0	0	0	488040	0	0	0	1.57248e+06	0	0	0	0	488040	0	488040	0	0	0	0	0	0	0	1.50922e+07	725629	1.71892e+07	972293	0	0
sim	STAT_COMMENT	4	19	2	6394672	2.48659e+06	4.72179e+06	495959	3187.5	2.84314e+06	665349	1.45366e+06	9.38662e+08	0	0	1.41775e+08	0	2.93196e+07	0	0	0	1.72049e+06	0	0	0	2.66408e+08	0	0	0	4.67139e+07	0	860244	0	2.9731e+07	0	0	0	0	0	0	446880	0	0	0	1.45555e+06	0	0	0	0	446880	0	446880	0	0	0	0	0	0	0	6.69152e+06	725629	1.71892e+07	972293	0	0
sim	STAT_COMMENT	5	16	2	5609168	2.48659e+06	3.77743e+06	238243	2550	2.05763e+06	665349	1.45366e+06	7.99544e+08	0	0	1.49236e+08	0	3.08627e+07	0	0	0	1.81104e+06	0	0	0	2.80429e+08	0	0	0	4.91725e+07	0	905520	0	3.12958e+07	0	0	0	0	0	0	470400	0	0	0	1.53216e+06	0	0	0	0	470400	0	470400	0	0	0	0	0	0	0	9.15867e+06	725629	1.71892e+07	972293	0	0
sim	STAT_COMMENT	2	2	2	54320768	3.44964e+07	9.44359e+06	253821	74415	2.62788e+06	1.07187e+07	1.77903e+07	2.55504e+08	0	0	1.20747e+08	0	1.92102e+06	0	0	0	1.54918e+06	0	0	0	2.2615e+08	0	0	0	4.04419e+07	0	774592	0	2.24602e+06	0	0	0	0	0	0	401408	0	0	0	1.31174e+06	0	0	0	0	401408	0	401408	0	0	0	0	0	0	0	8.97544e+07	725629	1.71892e+07	972293	0	0
sim	STAT_COMMENT	5	2	2	23370500	1.4631e+07	3.77743e+06	39160.4	13032	1.54393e+06	4.49635e+06	7.64834e+06	2.82773e+08	0	0	1.26104e+08	0	4.20966e+06	0	0	0	1.58368e+06	0	0	0	2.36494e+08	0	0	0	4.20302e+07	0	791840	0	4.55666e+06	0	0	0	0	0	0	410620	0	0	0	1.34064e+06	0	0	0	0	410620	0	410620	0	0	0	0	0	0	0	9.79653e+07	725629	1.71892e+07	972293	0	0
sim	STAT_COMMENT	7	1	2	32787996	2.08235e+07	2.69817e+06	18035	12725.7	1.66819e+06	6.40135e+06	1.08104e+07	2.70689e+08	0	0	1.26712e+08	0	3.06956e+06	0	0	0	1.58329e+06	0	0	0	2.37699e+08	0	0	0	4.20106e+07	0	791644	0	3.4216e+06	0	0	0	0	0	0	410228	0	0	0	1.34064e+06	0	0	0	0	410228	0	410228	0	0	0	0	0	0	0	2.10629e+08	725629	1.71892e+07	972293	0	0
sim	STAT_COMMENT	6	11	2	4706900	2.51219e+06	3.14786e+06	44739.7	2130	1.11854e+06	671660	1.46771e+06	4.76222e+08	0	0	1.24521e+08	0	2.54876e+07	0	0	0	1.5976e+06	0	0	0	2.33217e+08	0	0	0	4.17057e+07	0	798798	0	2.58228e+07	0	0	0	0	0	0	413952	0	0	0	1.35274e+06	0	0	0	0	413952	0	413952	0	0	0	0	0	0	0	9.35423e+06	725629	1.71892e+07	972293	0	0
sim	STAT_COMMENT	4	20	2	6630640	2.48659e+06	4.72179e+06	553686	3187.5	3.07911e+06	665349	1.45366e+06	1.0447e+09	0	0	1.49236e+08	0	3.08627e+07	0	0	0	1.81104e+06	0	0	0	2.80429e+08	0	0	0	4.91725e+07	0	905520	0	3.12958e+07	0	0	0	0	0	0	470400	0	0	0	1.53216e+06	0	0	0	0	470400	0	470400	0	0	0	0	0	0	0	7.63539e+06	725629	1.71892e+07	972293	0	0
sim	STAT_COMMENT	5	17	2	5707896	2.48659e+06	3.77743e+06	259618	2550	2.15636e+06	665349	1.45366e+06	8.74691e+08	0	0	1.58564e+08	0	3.27916e+07	0	0	0	1.92423e+06	0	0	0	2.97956e+08	0	0	0	5.22458e+07	0	962115	0	3.32518e+07	0	0	0	0	0	0	499800	0	0	0	1.62792e+06	0	0	0	0	499800	0	499800	0	0	0	0	0	0	0	9.65231e+06	725629	1.71892e+07	972293	0	0
sim	STAT_COMMENT	6	7	2	7612640	4.44006e+06	3.14786e+06	31170.8	3600	1.11782e+06	1.28552e+06	2.44853e+06	4.35598e+08	0	0	1.51053e+08	0	1.6417e+07	0	0	0	1.76988e+06	0	0	0	2.84374e+08	0	0	0	4.93261e+07	0	884940	0	1.68901e+07	0	0	0	0	0	0	460992	0	0	0	1.49587e+06	0	0	0	0	460992	0	460992	0	0	0	0	0	0	0	2.67887e+07	725629	1.71892e+07	972293	0	0
sim	STAT_COMMENT	6	8	2	6875096	3.94397e+06	3.14786e+06	32768.7	3296.67	1.12019e+06	1.14101e+06	2.19343e+06	4.60329e+08	0	0	1.51476e+08	0	1.86823e+07	0	0	0	1.71696e+06	0	0	0	2.85754e+08	0	0	0	4.92603e+07	0	858480	0	1.91453e+07	0	0	0	0	0	0	446880	0	0	0	1.45152e+06	0	0	0	0	446880	0	446880	0	0	0	0	0	0	0	2.23634e+07	725629	1.71892e+07	972293	0	0
sim	STAT_COMMENT	4	21	2	6824176	2.48659e+06	4.72179e+06	603492	3187.5	3.27264e+06	665349	1.45366e+06	1.1457e+09	0	0	1.56698e+08	0	3.24059e+07	0	0	0	1.90159e+06	0	0	0	2.9445e+08	0	0	0	5.16311e+07	0	950796	0	3.28606e+07	0	0	0	0	0	0	493920	0	0	0	1.60877e+06	0	0	0	0	493920	0	493920	0	0	0	0	0	0	0	8.40953e+06	725629	1.71892e+07	972293	0	0
sim	STAT_COMMENT	6	6	2	7873920	4.61888e+06	3.14786e+06	30589.7	3636.67	1.11542e+06	1.33515e+06	2.54183e+06	3.83153e+08	0	0	1.35077e+08	0	1.4114e+07	0	0	0	1.68638e+06	0	0	0	2.53402e+08	0	0	0	4.48762e+07	0	843192	0	1.44917e+07	0	0	0	0	0	0	437472	0	0	0	1.42733e+06	0	0	0	0	437472	0	437472	0	0	0	0	0	0	0	2.83564e+07	725629	1.71892e+07	972293	0	0
sim	STAT_COMMENT	6	12	2	4754992	2.51219e+06	3.14786e+06	52330	2130	1.16664e+06	671660	1.46771e+06	5.29903e+08	0	0	1.35841e+08	0	2.78047e+07	0	0	0	1.74283e+06	0	0	0	2.54418e+08	0	0	0	4.54971e+07	0	871416	0	2.81703e+07	0	0	0	0	0	0	451584	0	0	0	1.47571e+06	0	0	0	0	451584	0	451584	0	0	0	0	0	0	0	9.64278e+06	725629	1.71892e+07	972293	0	0
sim	STAT_COMMENT	6	9	2	6654404	3.79075e+06	3.14786e+06	33945.8	3265	1.12636e+06	1.09768e+06	2.11417e+06	5.05882e+08	0	0	1.63152e+08	0	2.09752e+07	0	0	0	1.76224e+06	0	0	0	3.08518e+08	0	0	0	5.24543e+07	0	881118	0	2.15198e+07	0	0	0	0	0	0	460404	0	0	0	1.48781e+06	0	0	0	0	460404	0	460404	0	0	0	0	0	0	0	2.10393e+07	725629	1.71892e+07	972293	0	0
sim	STAT_COMMENT	5	18	2	5768052	2.33337e+06	3.77743e+06	316584	2512	2.44338e+06	622021	1.3744e+06	9.81992e+08	0	0	1.55794e+08	0	3.465e+07	0	0	0	1.75518e+06	0	0	0	2.93891e+08	0	0	0	5.03798e+07	0	877590	0	3.51767e+07	0	0	0	0	0	0	458640	0	0	0	1.48176e+06	0	0	0	0	458640	0	458640	0	0	0	0	0	0	0	9.95309e+06	725629	1.71892e+07	972293	0	0
sim	STAT_COMMENT	6	4	2	10927364	6.59794e+06	3.14786e+06	28788	5116.67	1.18875e+06	1.96163e+06	3.55075e+06	3.38355e+08	0	0	1.32106e+08	0	9.54106e+06	0	0	0	1.62994e+06	0	0	0	2.47983e+08	0	0	0	4.3766e+07	0	814968	0	9.92525e+06	0	0	0	0	0	0	423360	0	0	0	1.37894e+06	0	0	0	0	423360	0	423360	0	0	0	0	0	0	0	4.6677e+07	725629	1.71892e+07	972293	0	0
sim	STAT_COMMENT	8	1	2	27588460	1.74382e+07	2.3609e+06	13706.5	9533.75	1.55132e+06	5.3603e+06	9.08492e+06	2.62738e+08	0	0	1.20747e+08	0	3.44064e+06	0	0	0	1.54918e+06	0	0	0	2.2615e+08	0	0	0	4.04419e+07	0	774592	0	3.76563e+06	0	0	0	0	0	0	401408	0	0	0	1.31174e+06	0	0	0	0	401408	0	401408	0	0	0	0	0	0	0	2.01821e+08	725629	1.71892e+07	972293	0	0
sim	STAT_COMMENT	6	13	2	4777360	2.48659e+06	3.14786e+06	62316.5	2125	1.22583e+06	665349	1.45366e+06	5.84912e+08	0	0	1.45505e+08	0	3.00912e+07	0	0	0	1.76576e+06	0	0	0	2.73418e+08	0	0	0	4.79432e+07	0	882882	0	3.05134e+07	0	0	0	0	0	0	458640	0	0	0	1.49386e+06	0	0	0	0	458640	0	458640	0	0	0	0	0	0	0	9.77699e+06	725629	1.71892e+07	972293	0	0
sim	STAT_COMMENT	4	22	2	6743084	2.33337e+06	4.72179e+06	639952	3140	3.41841e+06	622021	1.3744e+06	1.21758e+09	0	0	1.52332e+08	0	3.388e+07	0	0	0	1.71618e+06	0	0	0	2.8736e+08	0	0	0	4.92603e+07	0	858088	0	3.4395e+07	0	0	0	0	0	0	448448	0	0	0	1.44883e+06	0	0	0	0	448448	0	448448	0	0	0	0	0	0	0	8.08517e+06	725629	1.71892e+07	972293	0	0
sim	STAT_COMMENT	6	10	2	6654032	3.76516e+06	3.14786e+06	39707.8	3260	1.16281e+06	1.09137e+06	2.10012e+06	5.66345e+08	0	0	1.80006e+08	0	2.32823e+07	0	0	0	1.86396e+06	0	0	0	3.41105e+08	0	0	0	5.72477e+07	0	931980	0	2.39075e+07	0	0	0	0	0	0	488040	0	0	0	1.57248e+06	0	0	0	0	488040	0	488040	0	0	0	0	0	0	0	2.1037e+07	725629	1.71892e+07	972293	0	0
sim	STAT_COMMENT	6	3	2	14175984	8.70463e+06	3.14786e+06	27754	6623.33	1.26723e+06	2.62513e+06	4.62487e+06	3.19871e+08	0	0	1.32657e+08	0	7.26163e+06	0	0	0	1.62994e+06	0	0	0	2.49084e+08	0	0	0	4.38883e+07	0	814968	0	7.64723e+06	0	0	0	0	0	0	423360	0	0	0	1.37894e+06	0	0	0	0	423360	0	423360	0	0	0	0	0	0	0	6.61687e+07	725629	1.71892e+07	972293	0	0
sim	STAT_COMMENT	6	2	2	20007292	1.24731e+07	3.14786e+06	26856.7	9343.33	1.42451e+06	3.82023e+06	6.54612e+06	2.92862e+08	0	0	1.28429e+08	0	4.97162e+06	0	0	0	1.59113e+06	0	0	0	2.41051e+08	0	0	0	4.26465e+07	0	795564	0	5.33112e+06	0	0	0	0	0	0	412776	0	0	0	1.34669e+06	0	0	0	0	412776	0	412776	0	0	0	0	0	0	0	1.01157e+08	725629	1.71892e+07	972293	0	0
sim	STAT_COMMENT	4	23	2	6983352	2.33337e+06	4.72179e+06	700691	3140	3.65868e+06	622021	1.3744e+06	1.33924e+09	0	0	1.59256e+08	0	3.542e+07	0	0	0	1.79418e+06	0	0	0	3.00422e+08	0	0	0	5.14994e+07	0	897092	0	3.59584e+07	0	0	0	0	0	0	468832	0	0	0	1.51469e+06	0	0	0	0	468832	0	468832	0	0	0	0	0	0	0	9.04624e+06	725629	1.71892e+07	972293	0	0
sim	STAT_COMMENT	6	5	2	9919324	5.92303e+06	3.14786e+06	29474.5	4776.67	1.18431e+06	1.76749e+06	3.20234e+06	3.90526e+08	0	0	1.4724e+08	0	1.18411e+07	0	0	0	1.7052e+06	0	0	0	2.77407e+08	0	0	0	4.80984e+07	0	852600	0	1.22959e+07	0	0	0	0	0	0	443940	0	0	0	1.44144e+06	0	0	0	0	443940	0	443940	0	0	0	0	0	0	0	4.06288e+07	725629	1.71892e+07	972293	0	0
sim	STAT_COMMENT	5	19	2	6005576	2.33337e+06	3.77743e+06	364561	2512	2.6809e+06	622021	1.3744e+06	1.10424e+09	0	0	1.64449e+08	0	3.6575e+07	0	0	0	1.85269e+06	0	0	0	3.10219e+08	0	0	0	5.31787e+07	0	926345	0	3.71309e+07	0	0	0	0	0	0	484120	0	0	0	1.56408e+06	0	0	0	0	484120	0	484120	0	0	0	0	0	0	0	1.11407e+07	725629	1.71892e+07	972293	0	0
sim	STAT_COMMENT	6	14	2	4997052	2.48659e+06	3.14786e+06	97215	2125	1.44552e+06	665349	1.45366e+06	6.85268e+08	0	0	1.56698e+08	0	3.24059e+07	0	0	0	1.90159e+06	0	0	0	2.9445e+08	0	0	0	5.16311e+07	0	950796	0	3.28606e+07	0	0	0	0	0	0	493920	0	0	0	1.60877e+06	0	0	0	0	493920	0	493920	0	0	0	0	0	0	0	1.10951e+07	725629	1.71892e+07	972293	0	0
sim	STAT_COMMENT	7	10	2	4635996	2.51219e+06	2.69817e+06	28486	1825.71	1.04764e+06	671660	1.46771e+06	4.90194e+08	0	0	1.32067e+08	0	2.70323e+07	0	0	0	1.69442e+06	0	0	0	2.47351e+08	0	0	0	4.42333e+07	0	847210	0	2.73878e+07	0	0	0	0	0	0	439040	0	0	0	1.43472e+06	0	0	0	0	439040	0	439040	0	0	0	0	0	0	0	1.35648e+07	725629	1.71892e+07	972293	0	0
sim	STAT_COMMENT	4	24	2	7248488	2.33337e+06	4.72179e+06	766415	3140	3.92382e+06	622021	1.3744e+06	1.47382e+09	0	0	1.6618e+08	0	3.696e+07	0	0	0	1.87219e+06	0	0	0	3.13484e+08	0	0	0	5.37385e+07	0	936096	0	3.75218e+07	0	0	0	0	0	0	489216	0	0	0	1.58054e+06	0	0	0	0	489216	0	489216	0	0	0	0	0	0	0	1.01068e+07	725629	1.71892e+07	972293	0	0
sim	STAT_COMMENT	6	15	2	5019952	2.33337e+06	3.14786e+06	139159	2093.33	1.69528e+06	622021	1.3744e+06	7.80005e+08	0	0	1.55794e+08	0	3.465e+07	0	0	0	1.75518e+06	0	0	0	2.93891e+08	0	0	0	5.03798e+07	0	877590	0	3.51767e+07	0	0	0	0	0	0	458640	0	0	0	1.48176e+06	0	0	0	0	458640	0	458640	0	0	0	0	0	0	0	1.12325e+07	725629	1.71892e+07	972293	0	0
sim	STAT_COMMENT	7	11	2	4636972	2.48659e+06	2.69817e+06	33684.3	1821.43	1.08544e+06	665349	1.45366e+06	5.44984e+08	0	0	1.4364e+08	0	2.97054e+07	0	0	0	1.74313e+06	0	0	0	2.69913e+08	0	0	0	4.73285e+07	0	871563	0	3.01222e+07	0	0	0	0	0	0	452760	0	0	0	1.4747e+06	0	0	0	0	452760	0	452760	0	0	0	0	0	0	0	1.35716e+07	725629	1.71892e+07	972293	0	0
sim	STAT_COMMENT	7	7	2	6839268	3.94397e+06	2.69817e+06	23024	2825.71	1.08436e+06	1.14101e+06	2.19343e+06	4.64652e+08	0	0	1.54631e+08	0	1.90715e+07	0	0	0	1.75273e+06	0	0	0	2.91707e+08	0	0	0	5.02865e+07	0	876365	0	1.95441e+07	0	0	0	0	0	0	456190	0	0	0	1.48176e+06	0	0	0	0	456190	0	456190	0	0	0	0	0	0	0	2.89877e+07	725629	1.71892e+07	972293	0	0
sim	STAT_COMMENT	5	21	2	6489952	2.30778e+06	3.77743e+06	468779	2506	3.2021e+06	615710	1.36035e+06	1.38062e+09	0	0	1.79531e+08	0	4.03838e+07	0	0	0	1.88307e+06	0	0	0	3.3991e+08	0	0	0	5.69654e+07	0	941535	0	4.10336e+07	0	0	0	0	0	0	493920	0	0	0	1.5876e+06	0	0	0	0	493920	0	493920	0	0	0	0	0	0	0	1.35626e+07	725629	1.71892e+07	972293	0	0
sim	STAT_COMMENT	7	8	2	6617796	3.79075e+06	2.69817e+06	23903.6	2798.57	1.08975e+06	1.09768e+06	2.11417e+06	5.18468e+08	0	0	1.69194e+08	0	2.17521e+07	0	0	0	1.8275e+06	0	0	0	3.19945e+08	0	0	0	5.43971e+07	0	913752	0	2.23168e+07	0	0	0	0	0	0	477456	0	0	0	1.54291e+06	0	0	0	0	477456	0	477456	0	0	0	0	0	0	0	2.74374e+07	725629	1.71892e+07	972293	0	0
sim	STAT_COMMENT	5	20	2	6259788	2.33337e+06	3.77743e+06	414440	2512	2.93512e+06	622021	1.3744e+06	1.23862e+09	0	0	1.73104e+08	0	3.85e+07	0	0	0	1.9502e+06	0	0	0	3.26546e+08	0	0	0	5.59776e+07	0	975100	0	3.90852e+07	0	0	0	0	0	0	509600	0	0	0	1.6464e+06	0	0	0	0	509600	0	509600	0	0	0	0	0	0	0	1.24118e+07	725629	1.71892e+07	972293	0	0
sim	STAT_COMMENT	7	5	2	7839384	4.61888e+06	2.69817e+06	21324.4	3117.14	1.08088e+06	1.33515e+06	2.54183e+06	3.68884e+08	0	0	1.31325e+08	0	1.3722e+07	0	0	0	1.63954e+06	0	0	0	2.46363e+08	0	0	0	4.36296e+07	0	819770	0	1.40892e+07	0	0	0	0	0	0	425320	0	0	0	1.38768e+06	0	0	0	0	425320	0	425320	0	0	0	0	0	0	0	3.59885e+07	725629	1.71892e+07	972293	0	0
sim	STAT_COMMENT	7	9	2	6452892	3.73961e+06	2.69817e+06	23372.1	2355.71	1.02566e+06	1.0366e+06	2.09095e+06	5.6069e+08	0	0	1.88184e+08	0	2.44402e+07	0	0	0	1.95098e+06	0	0	0	3.56586e+08	0	0	0	5.85295e+07	0	975492	0	2.50705e+07	0	0	0	0	0	0	506268	0	0	0	1.6511e+06	0	0	0	0	506268	0	506268	0	0	0	0	0	0	0	2.62831e+07	725629	1.71892e+07	972293	0	0
sim	STAT_COMMENT	7	12	2	4676828	2.48659e+06	2.69817e+06	39013.1	1821.43	1.12529e+06	665349	1.45366e+06	6.04572e+08	0	0	1.56698e+08	0	3.24059e+07	0	0	0	1.90159e+06	0	0	0	2.9445e+08	0	0	0	5.16311e+07	0	950796	0	3.28606e+07	0	0	0	0	0	0	493920	0	0	0	1.60877e+06	0	0	0	0	493920	0	493920	0	0	0	0	0	0	0	1.38506e+07	725629	1.71892e+07	972293	0	0
sim	STAT_COMMENT	7	4	2	10113688	6.07625e+06	2.69817e+06	20512	4121.43	1.15181e+06	1.81082e+06	3.2816e+06	3.68495e+08	0	0	1.41188e+08	0	1.10736e+07	0	0	0	1.67933e+06	0	0	0	2.6563e+08	0	0	0	4.64285e+07	0	839664	0	1.14859e+07	0	0	0	0	0	0	436296	0	0	0	1.42061e+06	0	0	0	0	436296	0	436296	0	0	0	0	0	0	0	5.19086e+07	725629	1.71892e+07	972293	0	0
sim	STAT_COMMENT	7	6	2	7577944	4.44006e+06	2.69817e+06	21789.1	3085.71	1.08312e+06	1.28552e+06	2.44853e+06	4.31227e+08	0	0	1.51053e+08	0	1.6417e+07	0	0	0	1.76988e+06	0	0	0	2.84374e+08	0	0	0	4.93261e+07	0	884940	0	1.68901e+07	0	0	0	0	0	0	460992	0	0	0	1.49587e+06	0	0	0	0	460992	0	460992	0	0	0	0	0	0	0	3.41584e+07	725629	1.71892e+07	972293	0	0
sim	STAT_COMMENT	6	16	2	5287200	2.33337e+06	3.14786e+06	182944	2093.33	1.96253e+06	622021	1.3744e+06	9.08973e+08	0	0	1.6618e+08	0	3.696e+07	0	0	0	1.87219e+06	0	0	0	3.13484e+08	0	0	0	5.37385e+07	0	936096	0	3.75218e+07	0	0	0	0	0	0	489216	0	0	0	1.58054e+06	0	0	0	0	489216	0	489216	0	0	0	0	0	0	0	1.2836e+07	725629	1.71892e+07	972293	0	0
sim	STAT_COMMENT	7	13	2	4508988	2.33337e+06	2.69817e+06	47640.4	1794.29	1.18432e+06	622021	1.3744e+06	6.49178e+08	0	0	1.57525e+08	0	3.5035e+07	0	0	0	1.77468e+06	0	0	0	2.97157e+08	0	0	0	5.09396e+07	0	887341	0	3.55675e+07	0	0	0	0	0	0	463736	0	0	0	1.49822e+06	0	0	0	0	463736	0	463736	0	0	0	0	0	0	0	1.26757e+07	725629	1.71892e+07	972293	0	0
sim	STAT_COMMENT	7	2	2	17433240	1.08369e+07	2.69817e+06	18851.1	6972.86	1.31751e+06	3.29493e+06	5.71305e+06	2.99557e+08	0	0	1.29591e+08	0	5.73574e+06	0	0	0	1.60661e+06	0	0	0	2.43202e+08	0	0	0	4.2982e+07	0	803306	0	6.10674e+06	0	0	0	0	0	0	417088	0	0	0	1.35946e+06	0	0	0	0	417088	0	417088	0	0	0	0	0	0	0	1.03146e+08	725629	1.71892e+07	972293	0	0
sim	STAT_COMMENT	7	3	2	13009580	8.00418e+06	2.69817e+06	19489	4947.14	1.16841e+06	2.37621e+06	4.26729e+06	3.41861e+08	0	0	1.41968e+08	0	8.41016e+06	0	0	0	1.66698e+06	0	0	0	2.67272e+08	0	0	0	4.60498e+07	0	833490	0	8.83352e+06	0	0	0	0	0	0	432180	0	0	0	1.4112e+06	0	0	0	0	432180	0	432180	0	0	0	0	0	0	0	7.21799e+07	725629	1.71892e+07	972293	0	0
sim	STAT_COMMENT	6	18	2	5677644	2.30778e+06	3.14786e+06	254994	2088.33	2.38979e+06	615710	1.36035e+06	1.15688e+09	0	0	1.84661e+08	0	4.15377e+07	0	0	0	1.93687e+06	0	0	0	3.49621e+08	0	0	0	5.8593e+07	0	968436	0	4.2206e+07	0	0	0	0	0	0	508032	0	0	0	1.63296e+06	0	0	0	0	508032	0	508032	0	0	0	0	0	0	0	1.51787e+07	725629	1.71892e+07	972293	0	0
sim	STAT_COMMENT	7	15	2	4943400	2.30778e+06	2.69817e+06	113796	1790	1.65555e+06	615710	1.36035e+06	8.93454e+08	0	0	1.79531e+08	0	4.03838e+07	0	0	0	1.88307e+06	0	0	0	3.3991e+08	0	0	0	5.69654e+07	0	941535	0	4.10336e+07	0	0	0	0	0	0	493920	0	0	0	1.5876e+06	0	0	0	0	493920	0	493920	0	0	0	0	0	0	0	1.57166e+07	725629	1.71892e+07	972293	0	0
sim	STAT_COMMENT	7	14	2	4743164	2.33337e+06	2.69817e+06	79796	1794.29	1.41849e+06	622021	1.3744e+06	7.67963e+08	0	0	1.69642e+08	0	3.773e+07	0	0	0	1.9112e+06	0	0	0	3.20015e+08	0	0	0	5.4858e+07	0	955598	0	3.83035e+07	0	0	0	0	0	0	499408	0	0	0	1.61347e+06	0	0	0	0	499408	0	499408	0	0	0	0	0	0	0	1.4315e+07	725629	1.71892e+07	972293	0	0
sim	STAT_COMMENT	8	8	2	4585576	2.51219e+06	2.3609e+06	18756.5	1597.5	997219	671660	1.46771e+06	4.38497e+08	0	0	1.20747e+08	0	2.47153e+07	0	0	0	1.54918e+06	0	0	0	2.2615e+08	0	0	0	4.04419e+07	0	774592	0	2.50403e+07	0	0	0	0	0	0	401408	0	0	0	1.31174e+06	0	0	0	0	401408	0	401408	0	0	0	0	0	0	0	1.77974e+07	725629	1.71892e+07	972293	0	0
sim	STAT_COMMENT	6	17	2	5435808	2.33337e+06	3.14786e+06	209008	2093.33	2.11114e+06	622021	1.3744e+06	1.01126e+09	0	0	1.76566e+08	0	3.927e+07	0	0	0	1.9892e+06	0	0	0	3.33077e+08	0	0	0	5.70972e+07	0	994602	0	3.98669e+07	0	0	0	0	0	0	519792	0	0	0	1.67933e+06	0	0	0	0	519792	0	519792	0	0	0	0	0	0	0	1.37277e+07	725629	1.71892e+07	972293	0	0
sim	STAT_COMMENT	6	19	2	5737632	2.30778e+06	3.14786e+06	265234	2088.33	2.44978e+06	615710	1.36035e+06	1.24166e+09	0	0	1.94919e+08	0	4.38453e+07	0	0	0	2.04448e+06	0	0	0	3.69045e+08	0	0	0	6.18482e+07	0	1.02224e+06	0	4.45507e+07	0	0	0	0	0	0	536256	0	0	0	1.72368e+06	0	0	0	0	536256	0	536256	0	0	0	0	0	0	0	1.55386e+07	725629	1.71892e+07	972293	0	0
sim	STAT_COMMENT	8	4	2	7854312	4.64447e+06	2.3609e+06	15856	2731.25	1.05899e+06	1.34147e+06	2.55588e+06	3.36394e+08	0	0	1.20747e+08	0	1.25583e+07	0	0	0	1.54918e+06	0	0	0	2.2615e+08	0	0	0	4.04419e+07	0	774592	0	1.28833e+07	0	0	0	0	0	0	401408	0	0	0	1.31174e+06	0	0	0	0	401408	0	401408	0	0	0	0	0	0	0	4.39473e+07	725629	1.71892e+07	972293	0	0
sim	STAT_COMMENT	5	22	2	6499652	2.30778e+06	3.77743e+06	470363	2506	3.2118e+06	615710	1.36035e+06	1.44956e+09	0	0	1.8808e+08	0	4.23069e+07	0	0	0	1.97274e+06	0	0	0	3.56096e+08	0	0	0	5.96781e+07	0	986370	0	4.29876e+07	0	0	0	0	0	0	517440	0	0	0	1.6632e+06	0	0	0	0	517440	0	517440	0	0	0	0	0	0	0	1.36111e+07	725629	1.71892e+07	972293	0	0
sim	STAT_COMMENT	8	9	2	4591108	2.51219e+06	2.3609e+06	19483.4	1597.5	1.00275e+06	671660	1.46771e+06	4.94504e+08	0	0	1.35841e+08	0	2.78047e+07	0	0	0	1.74283e+06	0	0	0	2.54418e+08	0	0	0	4.54971e+07	0	871416	0	2.81703e+07	0	0	0	0	0	0	451584	0	0	0	1.47571e+06	0	0	0	0	451584	0	451584	0	0	0	0	0	0	0	1.78417e+07	725629	1.71892e+07	972293	0	0
sim	STAT_COMMENT	8	10	2	4580496	2.48659e+06	2.3609e+06	22613.5	1593.75	1.02896e+06	665349	1.45366e+06	5.52663e+08	0	0	1.49236e+08	0	3.08627e+07	0	0	0	1.81104e+06	0	0	0	2.80429e+08	0	0	0	4.91725e+07	0	905520	0	3.12958e+07	0	0	0	0	0	0	470400	0	0	0	1.53216e+06	0	0	0	0	470400	0	470400	0	0	0	0	0	0	0	1.77568e+07	725629	1.71892e+07	972293	0	0
sim	STAT_COMMENT	7	16	2	5208040	2.30778e+06	2.69817e+06	150969	1790	1.92019e+06	615710	1.36035e+06	1.04194e+09	0	0	1.915e+08	0	4.30761e+07	0	0	0	2.00861e+06	0	0	0	3.6257e+08	0	0	0	6.07631e+07	0	1.0043e+06	0	4.37692e+07	0	0	0	0	0	0	526848	0	0	0	1.69344e+06	0	0	0	0	526848	0	526848	0	0	0	0	0	0	0	1.75691e+07	725629	1.71892e+07	972293	0	0
sim	STAT_COMMENT	8	11	2	4386928	2.33337e+06	2.3609e+06	26677.3	1570	1.06226e+06	622021	1.3744e+06	5.95553e+08	0	0	1.52332e+08	0	3.388e+07	0	0	0	1.71618e+06	0	0	0	2.8736e+08	0	0	0	4.92603e+07	0	858088	0	3.4395e+07	0	0	0	0	0	0	448448	0	0	0	1.44883e+06	0	0	0	0	448448	0	448448	0	0	0	0	0	0	0	1.62083e+07	725629	1.71892e+07	972293	0	0
sim	STAT_COMMENT	7	17	2	5184868	2.30778e+06	2.69817e+06	148712	1790	1.89702e+06	615710	1.36035e+06	1.09878e+09	0	0	2.03469e+08	0	4.57684e+07	0	0	0	2.13415e+06	0	0	0	3.85231e+08	0	0	0	6.45608e+07	0	1.06707e+06	0	4.65047e+07	0	0	0	0	0	0	559776	0	0	0	1.79928e+06	0	0	0	0	559776	0	559776	0	0	0	0	0	0	0	1.74069e+07	725629	1.71892e+07	972293	0	0
sim	STAT_COMMENT	8	12	2	4436188	2.33337e+06	2.3609e+06	32519	1570	1.11152e+06	622021	1.3744e+06	6.63881e+08	0	0	1.6618e+08	0	3.696e+07	0	0	0	1.87219e+06	0	0	0	3.13484e+08	0	0	0	5.37385e+07	0	936096	0	3.75218e+07	0	0	0	0	0	0	489216	0	0	0	1.58054e+06	0	0	0	0	489216	0	489216	0	0	0	0	0	0	0	1.66023e+07	725629	1.71892e+07	972293	0	0
sim	STAT_COMMENT	5	23	2	6486992	2.30778e+06	3.77743e+06	468442	2506	3.19914e+06	615710	1.36035e+06	1.51108e+09	0	0	1.96629e+08	0	4.42299e+07	0	0	0	2.06241e+06	0	0	0	3.72282e+08	0	0	0	6.23907e+07	0	1.03121e+06	0	4.49415e+07	0	0	0	0	0	0	540960	0	0	0	1.7388e+06	0	0	0	0	540960	0	540960	0	0	0	0	0	0	0	1.35478e+07	725629	1.71892e+07	972293	0	0
sim	STAT_COMMENT	6	23	2	5483880	1.83728e+06	3.14786e+06	341758	1790	2.89912e+06	477517	1.1193e+06	1.58561e+09	0	0	1.78059e+08	0	5.29001e+07	0	0	0	1.81222e+06	0	0	0	3.37802e+08	0	0	0	5.68008e+07	0	906108	0	5.34841e+07	0	0	0	0	0	0	473340	0	0	0	1.53014e+06	0	0	0	0	473340	0	473340	0	0	0	0	0	0	0	1.40161e+07	725629	1.71892e+07	972293	0	0
sim	STAT_COMMENT	8	13	2	4449848	2.30778e+06	2.3609e+06	38994.5	1566.25	1.162e+06	615710	1.36035e+06	7.30956e+08	0	0	1.77821e+08	0	3.99992e+07	0	0	0	1.86514e+06	0	0	0	3.36672e+08	0	0	0	5.64229e+07	0	932568	0	4.06428e+07	0	0	0	0	0	0	489216	0	0	0	1.57248e+06	0	0	0	0	489216	0	489216	0	0	0	0	0	0	0	1.67116e+07	725629	1.71892e+07	972293	0	0
sim	STAT_COMMENT	7	20	2	4983492	1.83728e+06	2.69817e+06	220583	1534.29	2.39873e+06	477517	1.1193e+06	1.39843e+09	0	0	1.8064e+08	0	5.36668e+07	0	0	0	1.83848e+06	0	0	0	3.42698e+08	0	0	0	5.7624e+07	0	919240	0	5.42592e+07	0	0	0	0	0	0	480200	0	0	0	1.55232e+06	0	0	0	0	480200	0	480200	0	0	0	0	0	0	0	1.59973e+07	725629	1.71892e+07	972293	0	0
sim	STAT_COMMENT	8	3	2	10875664	6.59794e+06	2.3609e+06	15161.8	3837.5	1.13705e+06	1.96163e+06	3.55075e+06	3.34633e+08	0	0	1.32106e+08	0	9.54106e+06	0	0	0	1.62994e+06	0	0	0	2.47983e+08	0	0	0	4.3766e+07	0	814968	0	9.92525e+06	0	0	0	0	0	0	423360	0	0	0	1.37894e+06	0	0	0	0	423360	0	423360	0	0	0	0	0	0	0	6.81181e+07	725629	1.71892e+07	972293	0	0
sim	STAT_COMMENT	8	5	2	7558320	4.44006e+06	2.3609e+06	16612.3	2700	1.0635e+06	1.28552e+06	2.44853e+06	4.08337e+08	0	0	1.4386e+08	0	1.56352e+07	0	0	0	1.6856e+06	0	0	0	2.70833e+08	0	0	0	4.69773e+07	0	842800	0	1.60858e+07	0	0	0	0	0	0	439040	0	0	0	1.42464e+06	0	0	0	0	439040	0	439040	0	0	0	0	0	0	0	4.15794e+07	725629	1.71892e+07	972293	0	0
sim	STAT_COMMENT	6	24	2	5687188	1.83728e+06	3.14786e+06	375121	1790	3.10243e+06	477517	1.1193e+06	1.74238e+09	0	0	1.85801e+08	0	5.52001e+07	0	0	0	1.89101e+06	0	0	0	3.5249e+08	0	0	0	5.92704e+07	0	945504	0	5.58095e+07	0	0	0	0	0	0	493920	0	0	0	1.59667e+06	0	0	0	0	493920	0	493920	0	0	0	0	0	0	0	1.5236e+07	725629	1.71892e+07	972293	0	0
sim	STAT_COMMENT	8	6	2	6816852	3.94397e+06	2.3609e+06	17327	2472.5	1.06194e+06	1.14101e+06	2.19343e+06	4.51942e+08	0	0	1.51476e+08	0	1.86823e+07	0	0	0	1.71696e+06	0	0	0	2.85754e+08	0	0	0	4.92603e+07	0	858480	0	1.91453e+07	0	0	0	0	0	0	446880	0	0	0	1.45152e+06	0	0	0	0	446880	0	446880	0	0	0	0	0	0	0	3.56476e+07	725629	1.71892e+07	972293	0	0
sim	STAT_COMMENT	5	24	2	6533040	2.30778e+06	3.77743e+06	477304	2506	3.24519e+06	615710	1.36035e+06	1.59336e+09	0	0	2.05178e+08	0	4.6153e+07	0	0	0	2.15208e+06	0	0	0	3.88468e+08	0	0	0	6.51034e+07	0	1.07604e+06	0	4.68955e+07	0	0	0	0	0	0	564480	0	0	0	1.8144e+06	0	0	0	0	564480	0	564480	0	0	0	0	0	0	0	1.3778e+07	725629	1.71892e+07	972293	0	0
sim	STAT_COMMENT	8	2	2	14426568	8.90903e+06	2.3609e+06	14406	4998.75	1.2173e+06	2.68108e+06	4.73223e+06	2.87012e+08	0	0	1.20747e+08	0	6.47987e+06	0	0	0	1.54918e+06	0	0	0	2.2615e+08	0	0	0	4.04419e+07	0	774592	0	6.80486e+06	0	0	0	0	0	0	401408	0	0	0	1.31174e+06	0	0	0	0	401408	0	401408	0	0	0	0	0	0	0	9.65254e+07	725629	1.71892e+07	972293	0	0
sim	STAT_COMMENT	8	14	2	4681948	2.30778e+06	2.3609e+06	66942.5	1566.25	1.3941e+06	615710	1.36035e+06	8.65169e+08	0	0	1.915e+08	0	4.30761e+07	0	0	0	2.00861e+06	0	0	0	3.6257e+08	0	0	0	6.07631e+07	0	1.0043e+06	0	4.37692e+07	0	0	0	0	0	0	526848	0	0	0	1.69344e+06	0	0	0	0	526848	0	526848	0	0	0	0	0	0	0	1.85684e+07	725629	1.71892e+07	972293	0	0
sim	STAT_COMMENT	7	19	2	4771084	1.83728e+06	2.69817e+06	190905	1534.29	2.18632e+06	477517	1.1193e+06	1.24376e+09	0	0	1.71608e+08	0	5.09834e+07	0	0	0	1.74656e+06	0	0	0	3.25563e+08	0	0	0	5.47428e+07	0	873278	0	5.15463e+07	0	0	0	0	0	0	456190	0	0	0	1.4747e+06	0	0	0	0	456190	0	456190	0	0	0	0	0	0	0	1.45104e+07	725629	1.71892e+07	972293	0	0
sim	STAT_COMMENT	6	22	2	5305232	1.83728e+06	3.14786e+06	311514	1790	2.72047e+06	477517	1.1193e+06	1.44593e+09	0	0	1.70318e+08	0	5.06001e+07	0	0	0	1.73342e+06	0	0	0	3.23115e+08	0	0	0	5.43312e+07	0	866712	0	5.11587e+07	0	0	0	0	0	0	452760	0	0	0	1.46362e+06	0	0	0	0	452760	0	452760	0	0	0	0	0	0	0	1.29442e+07	725629	1.71892e+07	972293	0	0
sim	STAT_COMMENT	8	7	2	6595184	3.79075e+06	2.3609e+06	18100.3	2448.75	1.06714e+06	1.09768e+06	2.11417e+06	5.14669e+08	0	0	1.69194e+08	0	2.17521e+07	0	0	0	1.8275e+06	0	0	0	3.19945e+08	0	0	0	5.43971e+07	0	913752	0	2.23168e+07	0	0	0	0	0	0	477456	0	0	0	1.54291e+06	0	0	0	0	477456	0	477456	0	0	0	0	0	0	0	3.38743e+07	725629	1.71892e+07	972293	0	0
sim	STAT_COMMENT	6	20	2	5811832	2.30778e+06	3.14786e+06	276967	2088.33	2.52398e+06	615710	1.36035e+06	1.33373e+09	0	0	2.05178e+08	0	4.6153e+07	0	0	0	2.15208e+06	0	0	0	3.88468e+08	0	0	0	6.51034e+07	0	1.07604e+06	0	4.68955e+07	0	0	0	0	0	0	564480	0	0	0	1.8144e+06	0	0	0	0	564480	0	564480	0	0	0	0	0	0	0	1.59838e+07	725629	1.71892e+07	972293	0	0
sim	STAT_COMMENT	7	22	2	5275296	1.83728e+06	2.69817e+06	262779	1534.29	2.69054e+06	477517	1.1193e+06	1.67308e+09	0	0	1.98704e+08	0	5.90334e+07	0	0	0	2.02233e+06	0	0	0	3.76968e+08	0	0	0	6.33864e+07	0	1.01116e+06	0	5.96852e+07	0	0	0	0	0	0	528220	0	0	0	1.70755e+06	0	0	0	0	528220	0	528220	0	0	0	0	0	0	0	1.80399e+07	725629	1.71892e+07	972293	0	0
sim	STAT_COMMENT	7	18	2	5297072	2.30778e+06	2.69817e+06	164344	1790	2.00922e+06	615710	1.36035e+06	1.20583e+09	0	0	2.15437e+08	0	4.84606e+07	0	0	0	2.25968e+06	0	0	0	4.07891e+08	0	0	0	6.83585e+07	0	1.12984e+06	0	4.92403e+07	0	0	0	0	0	0	592704	0	0	0	1.90512e+06	0	0	0	0	592704	0	592704	0	0	0	0	0	0	0	1.81923e+07	725629	1.71892e+07	972293	0	0
sim	STAT_COMMENT	6	21	2	5926464	2.30778e+06	3.14786e+06	296789	2088.33	2.63861e+06	615710	1.36035e+06	1.44374e+09	0	0	2.15437e+08	0	4.84606e+07	0	0	0	2.25968e+06	0	0	0	4.07891e+08	0	0	0	6.83585e+07	0	1.12984e+06	0	4.92403e+07	0	0	0	0	0	0	592704	0	0	0	1.90512e+06	0	0	0	0	592704	0	592704	0	0	0	0	0	0	0	1.66716e+07	725629	1.71892e+07	972293	0	0
sim	STAT_COMMENT	8	16	2	4255824	1.83728e+06	2.3609e+06	101969	1342.5	1.67106e+06	477517	1.1193e+06	9.99138e+08	0	0	1.65157e+08	0	4.90668e+07	0	0	0	1.6809e+06	0	0	0	3.13324e+08	0	0	0	5.26848e+07	0	840448	0	4.96084e+07	0	0	0	0	0	0	439040	0	0	0	1.41926e+06	0	0	0	0	439040	0	439040	0	0	0	0	0	0	0	1.51594e+07	725629	1.71892e+07	972293	0	0
sim	STAT_COMMENT	7	21	2	5197044	1.83728e+06	2.69817e+06	251779	1534.29	2.61228e+06	477517	1.1193e+06	1.56253e+09	0	0	1.89672e+08	0	5.63501e+07	0	0	0	1.9304e+06	0	0	0	3.59833e+08	0	0	0	6.05052e+07	0	965202	0	5.69722e+07	0	0	0	0	0	0	504210	0	0	0	1.62994e+06	0	0	0	0	504210	0	504210	0	0	0	0	0	0	0	1.74921e+07	725629	1.71892e+07	972293	0	0
sim	STAT_COMMENT	8	17	2	4363992	1.83728e+06	2.3609e+06	116366	1342.5	1.77923e+06	477517	1.1193e+06	1.10572e+09	0	0	1.75479e+08	0	5.21334e+07	0	0	0	1.78595e+06	0	0	0	3.32907e+08	0	0	0	5.59776e+07	0	892976	0	5.2709e+07	0	0	0	0	0	0	466480	0	0	0	1.50797e+06	0	0	0	0	466480	0	466480	0	0	0	0	0	0	0	1.60248e+07	725629	1.71892e+07	972293	0	0
sim	STAT_COMMENT	8	15	2	4813876	2.30778e+06	2.3609e+06	83500.4	1566.25	1.52603e+06	615710	1.36035e+06	9.74461e+08	0	0	2.05178e+08	0	4.6153e+07	0	0	0	2.15208e+06	0	0	0	3.88468e+08	0	0	0	6.51034e+07	0	1.07604e+06	0	4.68955e+07	0	0	0	0	0	0	564480	0	0	0	1.8144e+06	0	0	0	0	564480	0	564480	0	0	0	0	0	0	0	1.96238e+07	725629	1.71892e+07	972293	0	0
sim	STAT_COMMENT	7	24	2	5619452	1.83728e+06	2.69817e+06	311897	1534.29	3.03469e+06	477517	1.1193e+06	1.99864e+09	0	0	2.16768e+08	0	6.44001e+07	0	0	0	2.20618e+06	0	0	0	4.11238e+08	0	0	0	6.91488e+07	0	1.10309e+06	0	6.51111e+07	0	0	0	0	0	0	576240	0	0	0	1.86278e+06	0	0	0	0	576240	0	576240	0	0	0	0	0	0	0	2.0449e+07	725629	1.71892e+07	972293	0	0
sim	STAT_COMMENT	8	18	2	4578468	1.83728e+06	2.3609e+06	142754	1342.5	1.99371e+06	477517	1.1193e+06	1.26341e+09	0	0	1.85801e+08	0	5.52001e+07	0	0	0	1.89101e+06	0	0	0	3.5249e+08	0	0	0	5.92704e+07	0	945504	0	5.58095e+07	0	0	0	0	0	0	493920	0	0	0	1.59667e+06	0	0	0	0	493920	0	493920	0	0	0	0	0	0	0	1.77406e+07	725629	1.71892e+07	972293	0	0
sim	STAT_COMMENT	8	21	2	5151708	1.83728e+06	2.3609e+06	214643	1342.5	2.56695e+06	477517	1.1193e+06	1.76289e+09	0	0	2.16768e+08	0	6.44001e+07	0	0	0	2.20618e+06	0	0	0	4.11238e+08	0	0	0	6.91488e+07	0	1.10309e+06	0	6.51111e+07	0	0	0	0	0	0	576240	0	0	0	1.86278e+06	0	0	0	0	576240	0	576240	0	0	0	0	0	0	0	2.23265e+07	725629	1.71892e+07	972293	0	0
sim	STAT_COMMENT	8	19	2	4754244	1.83728e+06	2.3609e+06	164942	1342.5	2.16948e+06	477517	1.1193e+06	1.41376e+09	0	0	1.96123e+08	0	5.82668e+07	0	0	0	1.99606e+06	0	0	0	3.72072e+08	0	0	0	6.25632e+07	0	998032	0	5.891e+07	0	0	0	0	0	0	521360	0	0	0	1.68538e+06	0	0	0	0	521360	0	521360	0	0	0	0	0	0	0	1.91468e+07	725629	1.71892e+07	972293	0	0
sim	STAT_COMMENT	7	23	2	5453920	1.83728e+06	2.69817e+06	288699	1534.29	2.86916e+06	477517	1.1193e+06	1.83541e+09	0	0	2.07736e+08	0	6.17168e+07	0	0	0	2.11425e+06	0	0	0	3.94103e+08	0	0	0	6.62676e+07	0	1.05713e+06	0	6.23981e+07	0	0	0	0	0	0	552230	0	0	0	1.78517e+06	0	0	0	0	552230	0	552230	0	0	0	0	0	0	0	1.92903e+07	725629	1.71892e+07	972293	0	0
sim	STAT_COMMENT	8	22	2	5191392	1.81169e+06	2.3609e+06	224062	1338.75	2.64345e+06	471206	1.10525e+06	1.88047e+09	0	0	2.23355e+08	0	6.73978e+07	0	0	0	2.03526e+06	0	0	0	4.25853e+08	0	0	0	6.9406e+07	0	1.01763e+06	0	6.82018e+07	0	0	0	0	0	0	534688	0	0	0	1.71494e+06	0	0	0	0	534688	0	534688	0	0	0	0	0	0	0	2.2644e+07	725629	1.71892e+07	972293	0	0
sim	STAT_COMMENT	8	20	2	4966628	1.83728e+06	2.3609e+06	190907	1342.5	2.38187e+06	477517	1.1193e+06	1.59011e+09	0	0	2.06446e+08	0	6.13334e+07	0	0	0	2.10112e+06	0	0	0	3.91655e+08	0	0	0	6.5856e+07	0	1.05056e+06	0	6.20106e+07	0	0	0	0	0	0	548800	0	0	0	1.77408e+06	0	0	0	0	548800	0	548800	0	0	0	0	0	0	0	2.08459e+07	725629	1.71892e+07	972293	0	0
sim	STAT_COMMENT	8	23	2	5366952	1.81169e+06	2.3609e+06	246359	1338.75	2.81901e+06	471206	1.10525e+06	2.06285e+09	0	0	2.33507e+08	0	7.04613e+07	0	0	0	2.12778e+06	0	0	0	4.4521e+08	0	0	0	7.25608e+07	0	1.06389e+06	0	7.13018e+07	0	0	0	0	0	0	558992	0	0	0	1.7929e+06	0	0	0	0	558992	0	558992	0	0	0	0	0	0	0	2.40484e+07	725629	1.71892e+07	972293	0	0
sim	STAT_COMMENT	8	24	2	5567164	1.81169e+06	2.3609e+06	270995	1338.75	3.01923e+06	471206	1.10525e+06	2.26787e+09	0	0	2.4366e+08	0	7.35249e+07	0	0	0	2.22029e+06	0	0	0	4.64567e+08	0	0	0	7.57156e+07	0	1.11014e+06	0	7.44019e+07	0	0	0	0	0	0	583296	0	0	0	1.87085e+06	0	0	0	0	583296	0	583296	0	0	0	0	0	0	0	2.56501e+07	725629	1.71892e+07	972293	0	0
